2025-07-29 12:27:52,428 | 🚗 CAR (0.62) | Plate: 7420
2025-07-29 12:27:52,869 | 🚗 CAR (0.89) | Plate: T607 | 1670
2025-07-29 12:27:53,073 | 🚗 CAR (0.91) | Plate: T607 T 7420
2025-07-29 12:27:53,441 | 🚗 CAR (0.74) | Plate: 7420
2025-07-29 12:27:53,762 | 🚗 CAR (0.71) | Plate: 7420
2025-07-29 12:27:54,309 | 🚗 CAR (0.62) | Plate: 7420
2025-07-29 12:27:55,505 | 🚗 CAR (0.56) | Plate: T7420
2025-07-29 12:27:56,025 | 🚗 CAR (0.61) | Plate: TG07 T 7420
2025-07-29 12:27:56,324 | 🚗 CAR (0.70) | Plate: 7420
2025-07-29 12:27:56,756 | 🚗 CAR (0.87) | Plate: 7420
2025-07-29 12:27:57,072 | 🚗 CAR (0.72) | Plate: 7420
2025-07-29 12:27:57,451 | 🚗 CAR (0.64) | Plate: TG07 T 7420
2025-07-29 12:27:57,958 | 🚗 CAR (0.51) | Plate: 7420
2025-07-29 12:27:58,205 | 🚗 CAR (0.62) | Plate: 7420
2025-07-29 12:27:59,376 | 🚗 CAR (0.52) | Plate: TG07 T7420
2025-07-29 12:27:59,642 | 🚗 CAR (0.63) | Plate: 7420
2025-07-29 12:28:00,236 | 🚗 CAR (0.72) | Plate: 7L20
2025-07-29 12:28:00,721 | 🚗 CAR (0.64) | Plate: 7420
2025-07-29 12:28:01,476 | 🚗 CAR (0.52) | Plate: BOTTLE UBT?
2025-07-29 12:28:01,962 | 🚗 CAR (0.66) | Plate: 7420
2025-07-29 12:28:02,384 | 🚗 CAR (0.84) | Plate: 7420
2025-07-29 12:28:03,501 | 🚗 CAR (0.54) | Plate: 7420
2025-07-29 12:28:03,938 | 🚗 CAR (0.84) | Plate: 7420
2025-07-29 12:28:04,384 | 🚗 CAR (0.82) | Plate: 7420
2025-07-29 12:28:04,908 | 🚗 CAR (0.72) | Plate: TG07 T7420
2025-07-29 12:28:05,049 | 🚗 CAR (0.71) | Plate: 7420
2025-07-29 12:28:05,466 | 🚗 CAR (0.61) | Plate: 7420
2025-07-29 12:28:05,691 | 🚗 CAR (0.88) | Plate: 7420
2025-07-29 12:28:06,051 | 🚗 CAR (0.91) | Plate: TG6T1 TKZM
2025-07-29 12:28:06,434 | 🚗 CAR (0.86) | Plate: 7420
2025-07-29 12:28:06,938 | 🚗 CAR (0.75) | Plate: TC0/1 / 0
2025-07-29 12:28:07,370 | 🚗 CAR (0.84) | Plate: DOTON
2025-07-29 12:28:07,790 | 🚗 CAR (0.87) | Plate: COTON
2025-07-29 12:28:08,204 | 🚗 CAR (0.81) | Plate: COTORT
2025-07-29 12:28:08,595 | 🚗 CAR (0.90) | Plate: DOTON
2025-07-29 12:28:09,009 | 🚗 CAR (0.86) | Plate: IDAA
2025-07-29 12:28:09,394 | 🚗 CAR (0.91) | Plate: COLONT
2025-07-29 12:28:09,803 | 🚗 CAR (0.89) | Plate: DOTON
2025-07-29 12:28:10,190 | 🚗 CAR (0.88) | Plate: DOTUN
2025-07-29 12:28:10,603 | 🚗 CAR (0.89) | Plate: ADTODT
2025-07-29 12:28:11,062 | 🚗 CAR (0.88) | Plate: ESTONT
2025-07-29 12:28:11,567 | 🚗 CAR (0.80) | Plate: MEEOCOT
2025-07-29 12:28:11,940 | 🚗 CAR (0.84) | Plate: NORNA
2025-07-29 12:28:12,579 | 🚗 CAR (0.80) | Plate: NORIANA
2025-07-29 12:28:13,062 | 🚗 CAR (0.83) | Plate: INORTEAAN
2025-07-29 12:28:13,595 | 🚗 CAR (0.58) | Plate: TG07 T 7LZ0
2025-07-29 12:28:13,884 | 🚗 CAR (0.75) | Plate: TG07T7620
2025-07-29 12:28:14,335 | 🚗 CAR (0.60) | Plate: TGO7T7L20
2025-07-29 12:28:14,623 | 🚗 CAR (0.71) | Plate: TGOZT7420
2025-07-29 12:28:14,889 | 🚗 CAR (0.67) | Plate: 1607 [
2025-07-29 12:28:15,266 | 🚗 CAR (0.72) | Plate: EENO
2025-07-29 12:28:15,661 | 🚗 CAR (0.78) | Plate: INA"
2025-07-29 12:28:16,015 | 🚗 CAR (0.75) | Plate: SHNE
2025-07-29 12:28:16,302 | 🚗 CAR (0.60) | Plate: OJOY
2025-07-29 12:28:16,618 | 🚗 CAR (0.78) | Plate: 1420
2025-07-29 12:28:17,153 | 🚗 CAR (0.71) | Plate: (ZAF) YOC
2025-07-29 12:28:17,546 | 🚗 CAR (0.87) | Plate: NORUTA ANCUINDO3S1 6267
2025-07-29 12:28:17,833 | 🚗 CAR (0.77) | Plate: RONIRANICOINNPOJ91 0367
2025-07-29 12:28:18,150 | 🚗 CAR (0.52) | Plate: RONNRA NINOINNPOJ91 0267
2025-07-29 12:28:18,452 | 🚗 CAR (0.79) | Plate: CDDCG
2025-07-29 12:28:18,891 | 🚗 CAR (0.69) | Plate: JAIU '
2025-07-29 12:28:19,363 | 🚗 CAR (0.79) | Plate: NONLANE C
2025-07-29 12:28:19,913 | 🚗 CAR (0.73) | Plate: TTGO7T7L201
2025-07-29 12:28:20,402 | 🚗 CAR (0.74) | Plate: CETETEON _
2025-07-29 12:28:25,111 | 🚗 CAR (0.84) | Plate: 7420
2025-07-29 12:28:25,703 | 🚗 CAR (0.51) | Plate: BCTTLE
2025-07-29 12:28:25,907 | 🚗 CAR (0.78) | Plate: 7420
2025-07-29 12:28:26,312 | 🚗 CAR (0.74) | Plate: 7 420
2025-07-29 12:28:26,747 | 🚗 CAR (0.82) | Plate: 7420
2025-07-29 12:28:27,140 | 🚗 CAR (0.72) | Plate: TG07 T 7420
2025-07-29 12:28:27,560 | 🚗 CAR (0.72) | Plate: 7420
2025-07-29 12:28:27,947 | 🚗 CAR (0.64) | Plate: 7420
2025-07-29 12:28:28,354 | 🚗 CAR (0.77) | Plate: 7420
2025-07-29 12:28:28,548 | 🚗 CAR (0.80) | Plate: 7420
2025-07-29 12:28:29,208 | 🚗 CAR (0.71) | Plate: TSOFEAEAD
2025-07-29 12:28:29,635 | 🚗 CAR (0.84) | Plate: TC07 W7D
2025-07-29 12:28:30,032 | 🚗 CAR (0.76) | Plate: 7420
2025-07-29 12:28:30,402 | 🚗 CAR (0.84) | Plate: 7420
2025-07-29 12:28:30,850 | 🚗 CAR (0.84) | Plate: TG07T 7420
2025-07-29 12:28:31,276 | 🚗 CAR (0.89) | Plate: 7420
2025-07-29 12:28:31,568 | 🚗 CAR (0.74) | Plate: OJOY
2025-07-29 12:28:32,214 | 🚗 CAR (0.90) | Plate: TG07 T 7L20
2025-07-29 12:28:32,472 | 🚗 CAR (0.72) | Plate: 0JJOY
2025-07-29 12:28:33,314 | 🚗 CAR (0.92) | Plate: TG 07 T 7420
2025-07-29 12:28:33,813 | 🚗 CAR (0.89) | Plate: TG07 T 7L20
2025-07-29 12:28:34,369 | 🚗 CAR (0.88) | Plate: TG 07 T 7420
2025-07-29 12:28:34,631 | 🚗 CAR (0.88) | Plate: T 7420
2025-07-29 12:28:34,900 | 🚗 CAR (0.90) | Plate: TG 07 T 7420
2025-07-29 12:28:35,172 | 🚗 CAR (0.89) | Plate: 7420
2025-07-29 12:28:35,672 | 🚗 CAR (0.92) | Plate: TG07 T 7420
2025-07-29 12:28:36,305 | 🚗 CAR (0.88) | Plate: TG07 T 7420
2025-07-29 12:28:36,950 | 🚗 CAR (0.88) | Plate: 7L20
2025-07-29 12:28:37,416 | 🚗 CAR (0.90) | Plate: TG07 T 7420
2025-07-29 12:28:38,290 | 🚗 CAR (0.90) | Plate: 7420
2025-07-29 12:28:39,085 | 🚗 CAR (0.92) | Plate: 7420
2025-07-29 12:28:39,892 | 🚗 CAR (0.90) | Plate: 7420
2025-07-29 12:28:40,348 | 🚗 CAR (0.91) | Plate: TG07 T 7420
2025-07-29 12:28:40,773 | 🚗 CAR (0.93) | Plate: 7420
2025-07-29 12:28:41,245 | 🚗 CAR (0.91) | Plate: 7420
2025-07-29 12:28:41,732 | 🚗 CAR (0.89) | Plate: TG 07 T7420
2025-07-29 12:28:42,251 | 🚗 CAR (0.91) | Plate: T7420
2025-07-29 12:28:58,784 | 🚗 CAR (0.88) | Plate: IG0711670
2025-07-29 12:28:58,984 | 🚗 CAR (0.91) | Plate: TG07 T 7420
2025-07-29 12:28:59,315 | 🚗 CAR (0.91) | Plate: TG0Z I 7420
2025-07-29 12:28:59,654 | 🚗 CAR (0.90) | Plate: TG0Z T
2025-07-29 12:28:59,998 | 🚗 CAR (0.87) | Plate: TGOZI 7L20
2025-07-29 12:29:00,444 | 🚗 CAR (0.84) | Plate: TG07 T
2025-07-29 12:29:00,682 | 🚗 CAR (0.91) | Plate: TG0Z I 7L20
2025-07-29 12:29:01,015 | 🚗 CAR (0.89) | Plate: MOTON
2025-07-29 12:29:01,355 | 🚗 CAR (0.93) | Plate: TG0Z T
2025-07-29 12:29:01,680 | 🚗 CAR (0.92) | Plate: OTORT
2025-07-29 12:29:02,011 | 🚗 CAR (0.90) | Plate: TG0ZT 7L20
2025-07-29 12:29:02,340 | 🚗 CAR (0.91) | Plate: TG0Z1
2025-07-29 12:29:02,690 | 🚗 CAR (0.92) | Plate: TGOZ T
2025-07-29 12:29:03,046 | 🚗 CAR (0.87) | Plate: TG0Z T
2025-07-29 12:29:03,399 | 🚗 CAR (0.88) | Plate: TG0ZT
2025-07-29 12:29:03,859 | 🚗 CAR (0.86) | Plate: TG0ZI 7L20
2025-07-29 12:29:04,171 | 🚗 CAR (0.81) | Plate: OTON
2025-07-29 12:29:04,422 | 🚗 CAR (0.90) | Plate: TG0Z T
2025-07-29 12:29:04,971 | 🚗 CAR (0.91) | Plate: ICAL
2025-07-29 12:29:05,362 | 🚗 CAR (0.91) | Plate: TG0ZI 7L20
2025-07-29 12:29:05,705 | 🚗 CAR (0.88) | Plate: TG0Z 1 7420
2025-07-29 12:29:06,070 | 🚗 CAR (0.90) | Plate: MOTONT
2025-07-29 12:29:06,440 | 🚗 CAR (0.88) | Plate: MOTOR
2025-07-29 12:29:06,806 | 🚗 CAR (0.91) | Plate: TOTURT
2025-07-29 12:29:07,167 | 🚗 CAR (0.91) | Plate: HOTON
2025-07-29 12:29:07,544 | 🚗 CAR (0.90) | Plate: MOTOR
2025-07-29 12:29:07,922 | 🚗 CAR (0.92) | Plate: TG0Z
2025-07-29 12:29:08,257 | 🚗 CAR (0.90) | Plate: OTUN
2025-07-29 12:29:08,621 | 🚗 CAR (0.92) | Plate: TG0Z T
2025-07-29 12:29:08,985 | 🚗 CAR (0.91) | Plate: OTUN
2025-07-29 12:29:09,350 | 🚗 CAR (0.89) | Plate: MOTOR
2025-07-29 12:29:09,717 | 🚗 CAR (0.85) | Plate: TOTON
2025-07-29 12:29:10,350 | 🚗 CAR (0.84) | Plate: KEEO
2025-07-29 12:29:10,749 | 🚗 CAR (0.83) | Plate: SEOJ 
2025-07-29 12:29:11,121 | 🚗 CAR (0.89) | Plate: ICAE
2025-07-29 12:29:11,462 | 🚗 CAR (0.82) | Plate: FOTON
2025-07-29 12:29:11,810 | 🚗 CAR (0.84) | Plate: MOTUN
2025-07-29 12:29:12,187 | 🚗 CAR (0.80) | Plate: TENE
2025-07-29 12:29:12,541 | 🚗 CAR (0.83) | Plate: UTOA
2025-07-29 12:29:12,857 | 🚗 CAR (0.86) | Plate: ICNB
2025-07-29 12:29:13,196 | 🚗 CAR (0.91) | Plate: HOTUN
2025-07-29 12:29:13,554 | 🚗 CAR (0.86) | Plate: MOTOR
2025-07-29 12:29:13,899 | 🚗 CAR (0.88) | Plate: OTOR
2025-07-29 12:29:14,207 | 🚗 CAR (0.86) | Plate: TEAD
2025-07-29 12:29:14,521 | 🚗 CAR (0.90) | Plate: OTON
2025-07-29 12:30:54,339 | 🚗 CAR (0.77) | Plate: TS09EX55/9
2025-07-29 12:30:56,136 | 🚗 CAR (0.78) | Plate: NORUY9 NINONINPOJOT
2025-07-29 12:30:56,463 | 🚗 CAR (0.78) | Plate: HOTDTE TI MIOILINPOJBI 9367
2025-07-29 12:30:57,306 | 🚗 CAR (0.86) | Plate: NORWANLPOL80J91097
2025-07-29 12:30:57,783 | 🚗 CAR (0.74) | Plate: NORTIVANIOLINNO3O1 0367
2025-07-29 12:30:58,207 | 🚗 CAR (0.79) | Plate: NON9NIOLTI.00391 0367
2025-07-29 12:30:58,676 | 🚗 CAR (0.76) | Plate: ALNOLINE0901 0367
2025-07-29 12:30:59,277 | 🚗 CAR (0.58) | Plate: FIOITETIILNOUINPO3OT0267
2025-07-29 12:30:59,614 | 🚗 CAR (0.77) | Plate: NOANA NINOIJINN039103C]
2025-07-29 12:31:00,092 | 🚗 CAR (0.62) | Plate: NOMA NI NOBING0391 9367
2025-07-29 12:31:00,607 | 🚗 CAR (0.71) | Plate: NONUANOLINPOJOU
2025-07-29 12:31:01,575 | 🚗 CAR (0.55) | Plate: ALGH
2025-07-29 12:31:02,162 | 🚗 CAR (0.61) | Plate: DLOH
2025-07-29 12:31:02,552 | 🚗 CAR (0.67) | Plate: NORIA NLNOILINPO391 0307
2025-07-29 12:31:03,516 | 🚗 CAR (0.52) | Plate: DLOH
2025-07-29 12:31:07,900 | 📸 TRUCK (0.57) | Plate: JUEHU
2025-07-29 12:31:08,260 | 🚗 CAR (0.59) | Plate: TSO9EX55L8
2025-07-29 12:31:08,601 | 📸 TRUCK (0.51) | Plate: TSO9EX55L8
2025-07-29 12:31:08,852 | 🚗 CAR (0.51) | Plate: TSO9EX55L8
2025-07-29 12:31:09,146 | 🚗 CAR (0.66) | Plate: TSO9EX55L8
2025-07-29 12:31:09,454 | 🚗 CAR (0.58) | Plate: TSO9EX55L8
2025-07-29 12:31:09,691 | 📸 TRUCK (0.57) | Plate: TSO9EX5548
2025-07-29 12:31:10,029 | 🚗 CAR (0.67) | Plate: TSO9EX5548
2025-07-29 12:31:10,389 | 📸 TRUCK (0.59) | Plate: NOTIANNOL
2025-07-29 12:31:10,657 | 🚗 CAR (0.53) | Plate: NOUIININOL
2025-07-29 12:31:11,047 | 🚗 CAR (0.73) | Plate: TSO9EX5548
2025-07-29 12:31:11,394 | 🚗 CAR (0.62) | Plate: 91937
2025-07-29 12:31:11,743 | 🚗 CAR (0.59) | Plate: TSO9EX55L8
2025-07-29 12:31:12,065 | 🚗 CAR (0.69) | Plate: TSO9EX55L8
2025-07-29 12:31:12,419 | 🚗 CAR (0.69) | Plate: PINPO29NE
2025-07-29 12:31:12,744 | 🚗 CAR (0.60) | Plate: 15597
2025-07-29 12:31:13,086 | 🚗 CAR (0.79) | Plate: TSO9EX5SL8
2025-07-29 12:31:13,458 | 🚗 CAR (0.83) | Plate: TSO9EX55L8
2025-07-29 12:32:32,361 | 🚗 CAR (0.69) | Plate: 680"XU" AU
2025-07-29 12:32:32,982 | 🚗 CAR (0.75) | Plate: TSO9EX55L8
2025-07-29 12:32:33,358 | 🚗 CAR (0.69) | Plate: T,09E/5578
2025-07-29 12:32:33,709 | 🚗 CAR (0.68) | Plate: TSO9EX55L8
2025-07-29 12:32:34,115 | 🚗 CAR (0.80) | Plate: TSO9EX55L8
2025-07-29 12:32:34,492 | 🚗 CAR (0.82) | Plate: TSO9EX55L8
2025-07-29 12:32:34,888 | 🚗 CAR (0.84) | Plate: ~TSO9EX55L8
2025-07-29 12:32:35,243 | 🚗 CAR (0.87) | Plate: TSO9EX55L8
2025-07-29 12:32:35,619 | 🚗 CAR (0.87) | Plate: TSO9EX55L8
2025-07-29 12:32:35,998 | 🚗 CAR (0.77) | Plate: 13ASLU
2025-07-29 12:32:36,347 | 🚗 CAR (0.82) | Plate: TSO9EX5SL8
2025-07-29 12:32:36,719 | 🚗 CAR (0.76) | Plate: TSO9EX5SL8
2025-07-29 12:32:37,093 | 🚗 CAR (0.69) | Plate: TSO9EX55L8
2025-07-29 12:32:37,470 | 🚗 CAR (0.71) | Plate: TSO9EX55L8
2025-07-29 12:32:37,886 | 🚗 CAR (0.77) | Plate: TSO9EX55L8
2025-07-29 12:32:38,273 | 🚗 CAR (0.79) | Plate: TSO9EX55L8
2025-07-29 12:32:38,688 | 🚗 CAR (0.85) | Plate: TSO9EX55L8
2025-07-29 12:32:39,131 | 🚗 CAR (0.87) | Plate: TSO9EX55L8
2025-07-29 12:32:39,504 | 🚗 CAR (0.57) | Plate: TSO9EX5SL8
2025-07-29 12:32:40,139 | 🚗 CAR (0.54) | Plate: TSO9EX55L8
2025-07-29 12:32:40,549 | 🚗 CAR (0.54) | Plate: TSO9EX55L8]
2025-07-29 12:32:40,956 | 🚗 CAR (0.74) | Plate: TSO9EX5SL8
2025-07-29 12:32:41,355 | 🚗 CAR (0.72) | Plate: TSO9EX5SL8
2025-07-29 12:32:41,752 | 🚗 CAR (0.61) | Plate: TSO9EX55L8
2025-07-29 12:32:42,131 | 🚗 CAR (0.56) | Plate: TSO9EX55L8
2025-07-29 12:32:42,512 | 🚗 CAR (0.67) | Plate: TSO9EX55L8
2025-07-29 12:32:42,905 | 🚗 CAR (0.66) | Plate: TSO9EX55L8
2025-07-29 12:32:43,578 | 🚗 CAR (0.52) | Plate: TSO9EX5SL8
2025-07-29 12:32:44,014 | 🚗 CAR (0.68) | Plate: TSO9EX55L8
2025-07-29 12:32:44,444 | 🚗 CAR (0.55) | Plate: TSO9EX55L8
2025-07-29 12:32:44,898 | 🚗 CAR (0.74) | Plate: TSO9EX55L8
2025-07-29 12:32:45,312 | 🚗 CAR (0.60) | Plate: TSO9EX5548
2025-07-29 12:32:47,677 | 🚗 CAR (0.65) | Plate: TSO9EX55L8
2025-07-29 12:32:48,111 | 🚗 CAR (0.75) | Plate: TSO9EX55L8I
2025-07-29 12:32:48,546 | 🚗 CAR (0.73) | Plate: TSO9EX55L8
2025-07-29 12:32:48,919 | 🚗 CAR (0.68) | Plate: TSO9EX5SL8
2025-07-29 12:32:49,326 | 🚗 CAR (0.54) | Plate: TSO9EX55L8
2025-07-29 12:32:50,097 | 🚗 CAR (0.63) | Plate: TSO9EX55L8
2025-07-29 12:32:50,654 | 🚗 CAR (0.63) | Plate: IS09EX5SL8
2025-07-29 12:35:57,176 | 🚗 CAR (0.75) | Plate: TSO9EX55L8
2025-07-29 12:35:58,016 | 🚗 CAR (0.59) | Plate: TSO9EX55L8
2025-07-29 12:35:58,988 | 🚗 CAR (0.73) | Plate: TSO9EX55L8
2025-07-29 12:36:00,083 | 🚗 CAR (0.74) | Plate: TSO9EX5SLBI
2025-07-29 12:36:00,499 | 🚗 CAR (0.84) | Plate: TSO9EX55L8;
2025-07-29 12:36:00,954 | 🚗 CAR (0.78) | Plate: TSO9EX5SL8
2025-07-29 12:36:01,421 | 🚗 CAR (0.79) | Plate: TSO9EX55L8
2025-07-29 12:36:01,835 | 🚗 CAR (0.84) | Plate: TSO9EX55L8
2025-07-29 12:36:02,265 | 🚗 CAR (0.55) | Plate: TSO9EX55Z8
2025-07-29 12:36:02,706 | 🚗 CAR (0.67) | Plate: TSO9EX55L8
2025-07-29 12:36:03,126 | 🚗 CAR (0.76) | Plate: TSO9EX5SL8;
2025-07-29 12:36:03,584 | 🚗 CAR (0.73) | Plate: TSO9EX55L8
2025-07-29 12:36:03,992 | 🚗 CAR (0.69) | Plate: TSO9EX55L8
2025-07-29 12:36:04,462 | 🚗 CAR (0.73) | Plate: TSO9EX5SL8
2025-07-29 12:36:05,220 | 🚗 CAR (0.62) | Plate: TSO9EX5' /,0
2025-07-29 12:36:05,656 | 🚗 CAR (0.64) | Plate: TSO9EX55L8
2025-07-29 12:36:07,290 | 🚗 CAR (0.54) | Plate: TSO9EXS5LB
2025-07-29 12:36:07,746 | 🚗 CAR (0.80) | Plate: TSO9EX5SLB
2025-07-29 12:36:09,079 | 🚗 CAR (0.54) | Plate: NONIANNOUINPO_910369
2025-07-29 12:36:09,340 | 📸 TRUCK (0.53) | Plate: NONIANNOUINPO_910369 (0.11)
2025-07-29 12:36:09,794 | 🚗 CAR (0.80) | Plate:  NNNOMNDES
2025-07-29 12:36:10,227 | 🚗 CAR (0.79) | Plate: MERR
2025-07-29 12:36:11,253 | 🚗 CAR (0.80) | Plate: TSO9EXSSZ8
2025-07-29 12:36:11,730 | 🚗 CAR (0.78) | Plate: TSO9EX55L8;
2025-07-29 12:36:12,238 | 🚗 CAR (0.79) | Plate: TSO9EX55L8
2025-07-29 12:36:12,703 | 🚗 CAR (0.61) | Plate: TSO9EXSSL8
2025-07-29 12:37:58,388 | 🚗 CAR (0.92) | Plate: "TG 09 0 3860
2025-07-29 12:37:58,703 | 🚗 CAR (0.94) | Plate: TG 09 0 3860
2025-07-29 12:37:59,051 | 🚗 CAR (0.92) | Plate: "TG 09 D 3860
2025-07-29 12:37:59,563 | 🚗 CAR (0.91) | Plate: TG 09 D 3860
2025-07-29 12:37:59,906 | 🚗 CAR (0.91) | Plate: "TG 09 D 38607
2025-07-29 12:38:00,238 | 🚗 CAR (0.93) | Plate: "TG 09 0 38607
2025-07-29 12:38:00,583 | 🚗 CAR (0.92) | Plate: "TG 09 0 3860
2025-07-29 12:38:00,932 | 🚗 CAR (0.92) | Plate: "TG 09 D 3860
2025-07-29 12:38:01,301 | 🚗 CAR (0.90) | Plate: "TG 09 0 386070O5S1
2025-07-29 12:38:01,657 | 🚗 CAR (0.91) | Plate: "TG 09 0 3860
2025-07-29 12:38:02,055 | 🚗 CAR (0.92) | Plate: "TG 09 D 3860
2025-07-29 12:38:02,464 | 🚗 CAR (0.93) | Plate: TG 09 D 3860 E0351
2025-07-29 12:38:02,845 | 🚗 CAR (0.94) | Plate: 0O3919
2025-07-29 12:38:03,203 | 🚗 CAR (0.95) | Plate: 00J91 93
2025-07-29 12:38:03,577 | 🚗 CAR (0.96) | Plate: INPOJ
2025-07-29 12:38:03,936 | 🚗 CAR (0.96) | Plate: NOLTINPOJ
2025-07-29 12:38:04,508 | 🚗 CAR (0.96) | Plate: NONJINP
2025-07-29 12:38:04,867 | 🚗 CAR (0.93) | Plate: TEO?-2BE0
2025-07-29 12:38:05,893 | 🚗 CAR (0.93) | Plate: TG 09 0 3860
2025-07-29 12:38:06,245 | 🚗 CAR (0.94) | Plate: "TG 09 D 38601
2025-07-29 12:38:06,550 | 🚗 CAR (0.95) | Plate: "TG 09 D 38607
2025-07-29 12:38:06,882 | 🚗 CAR (0.92) | Plate: "TC 09 0 3860
2025-07-29 12:38:07,211 | 🚗 CAR (0.93) | Plate: TG 09 D 3860
2025-07-29 12:38:07,582 | 🚗 CAR (0.93) | Plate: TG 09 D 38607
2025-07-29 12:38:07,954 | 🚗 CAR (0.90) | Plate: "TG 09 D 38607
2025-07-29 12:38:08,332 | 🚗 CAR (0.93) | Plate: "TG 09 0 3860
2025-07-29 12:38:08,712 | 🚗 CAR (0.93) | Plate: CIG 09 D 38607
2025-07-29 12:38:09,108 | 🚗 CAR (0.90) | Plate: "IG 09 D 3860
2025-07-29 12:38:09,481 | 🚗 CAR (0.94) | Plate: "TG 09 D 38601
2025-07-29 12:38:09,859 | 🚗 CAR (0.94) | Plate: TG 09 0 3860
2025-07-29 12:38:10,578 | 🚗 CAR (0.95) | Plate: CIG 09 D 3860
2025-07-29 12:38:10,911 | 🚗 CAR (0.95) | Plate: MRAN NOUTINGO391 9347
2025-07-29 12:38:11,321 | 🚗 CAR (0.94) | Plate: NONNANI NOBINT
2025-07-29 12:38:11,728 | 🚗 CAR (0.94) | Plate: NONI
2025-07-29 12:38:12,168 | 🚗 CAR (0.95) | Plate: TG 09 D 3860
2025-07-29 12:38:25,464 | 🚗 CAR (0.65) | Plate: TS08JUO8 10
2025-07-29 12:38:26,208 | 🚗 CAR (0.65) | Plate: DLOH
2025-07-29 12:38:26,716 | 🚗 CAR (0.65) | Plate: NORFV9 NL NOLJINPOJ9T 8367
2025-07-29 12:38:27,218 | 🚗 CAR (0.79) | Plate: NORLIVA NI NOIJINPOJ91 0367
2025-07-29 12:38:28,046 | 🚗 CAR (0.63) | Plate: NORIV9 NI NCITINGOJO1 096
2025-07-29 12:38:28,496 | 🚗 CAR (0.64) | Plate: NORLTV4 NI NOITINDO3ST 6307
2025-07-29 12:38:36,897 | 🚗 CAR (0.66) | Plate: TSO8JUO8 10
2025-07-29 12:38:38,039 | 🚗 CAR (0.61) | Plate: FTSO8 JUO8 107
2025-07-29 12:38:38,793 | 🚗 CAR (0.55) | Plate: ISO8JU0810
2025-07-29 12:38:39,237 | 🚗 CAR (0.72) | Plate: TS08JUO810
2025-07-29 12:38:39,618 | 🚗 CAR (0.67) | Plate: TS08JUO810
2025-07-29 12:38:40,031 | 🚗 CAR (0.67) | Plate: FTS08JU08107
2025-07-29 12:38:41,020 | 🚗 CAR (0.74) | Plate: EIS08JU0810
2025-07-29 12:38:41,451 | 🚗 CAR (0.72) | Plate: FTS08JUO810]
2025-07-29 12:38:41,780 | 🚗 CAR (0.65) | Plate: TS08JU08101
2025-07-29 12:38:42,257 | 🚗 CAR (0.55) | Plate: EIS08JU08 10
2025-07-29 12:38:42,649 | 🚗 CAR (0.50) | Plate: TS08JU0810
2025-07-29 12:38:43,114 | 🚗 CAR (0.51) | Plate: ETSO8JU0810
2025-07-29 12:38:43,479 | 🚗 CAR (0.50) | Plate: TS08JU0810
2025-07-29 12:38:43,825 | 🚗 CAR (0.59) | Plate: 'TS08JU0810
2025-07-29 12:38:44,151 | 🚗 CAR (0.69) | Plate: TS08JU0810 
2025-07-29 12:38:44,502 | 🚗 CAR (0.79) | Plate: TS08JU0810
2025-07-29 12:38:44,976 | 🚗 CAR (0.57) | Plate: TS08JU0810
2025-07-29 12:38:45,320 | 🚗 CAR (0.59) | Plate: ETS08JU0810]
2025-07-29 12:38:45,710 | 🚗 CAR (0.56) | Plate: TSO8JU08101
2025-07-29 12:39:42,874 | 🚗 CAR (0.85) | Plate: "15074K73E0
2025-07-29 12:39:43,286 | 🚗 CAR (0.85) | Plate: "T507473E0
2025-07-29 12:39:43,544 | 🚗 CAR (0.80) | Plate: "T507007380
2025-07-29 12:39:43,930 | 🚗 CAR (0.91) | Plate: "T5074K7380
2025-07-29 12:39:44,272 | 🚗 CAR (0.88) | Plate: "1S074473E0
2025-07-29 12:39:44,637 | 🚗 CAR (0.82) | Plate: "150707380
2025-07-29 12:39:44,976 | 🚗 CAR (0.79) | Plate: "T507007380
2025-07-29 12:39:45,350 | 🚗 CAR (0.76) | Plate: "1507447380
2025-07-29 12:39:45,646 | 🚗 CAR (0.70) | Plate: "TS070473E0
2025-07-29 12:39:45,936 | 🚗 CAR (0.75) | Plate: 4T5070K7380
2025-07-29 12:39:46,261 | 🚗 CAR (0.81) | Plate: "T5070473E0
2025-07-29 12:39:46,538 | 🚗 CAR (0.77) | Plate: "1507407380
2025-07-29 12:39:46,854 | 🚗 CAR (0.84) | Plate: "TS07407380
2025-07-29 12:39:47,133 | 🚗 CAR (0.82) | Plate: CTS074K7380
2025-07-29 12:39:47,453 | 🚗 CAR (0.77) | Plate: "1507087380
2025-07-29 12:39:47,720 | 🚗 CAR (0.83) | Plate: '1507407380
2025-07-29 12:39:48,042 | 🚗 CAR (0.69) | Plate: 41507407380
2025-07-29 12:39:48,359 | 🚗 CAR (0.71) | Plate: 6150747380
2025-07-29 12:39:48,688 | 🚗 CAR (0.81) | Plate: 0150747360
2025-07-29 12:39:49,126 | 🚗 CAR (0.81) | Plate: 21507467300
2025-07-29 12:39:49,548 | 🚗 CAR (0.81) | Plate: 515074673E0
2025-07-29 12:39:50,142 | 🚗 CAR (0.66) | Plate: 01537 .7Z80
2025-07-29 12:39:50,623 | 🚗 CAR (0.66) | Plate: 61657-67260
2025-07-29 12:39:51,083 | 🚗 CAR (0.67) | Plate: 31537467280
2025-07-29 12:39:51,555 | 🚗 CAR (0.70) | Plate: 61507467280
2025-07-29 12:39:52,122 | 🚗 CAR (0.72) | Plate: 41507487Z60
2025-07-29 12:39:52,521 | 🚗 CAR (0.75) | Plate: 01537 67300
2025-07-29 12:39:53,008 | 🚗 CAR (0.78) | Plate: 15O7W7ZE0
2025-07-29 12:39:53,380 | 🚗 CAR (0.79) | Plate: 0TS07 07380
2025-07-29 12:39:53,680 | 🚗 CAR (0.78) | Plate: CTS07407380
2025-07-29 12:39:53,995 | 🚗 CAR (0.77) | Plate: '1507407380
2025-07-29 12:39:54,295 | 🚗 CAR (0.78) | Plate: "1507447380
2025-07-29 12:39:54,655 | 🚗 CAR (0.52) | Plate: "150747380
2025-07-29 12:39:55,691 | 🚗 CAR (0.55) | Plate: "1507487380
2025-07-29 12:39:57,246 | 🚗 CAR (0.51) | Plate: 415074067380
2025-07-29 12:39:57,579 | 🚗 CAR (0.57) | Plate: '1507407300
2025-07-29 12:39:57,993 | 🚗 CAR (0.88) | Plate: F150747380
2025-07-29 12:39:58,477 | 🚗 CAR (0.74) | Plate: 285074487380
2025-07-29 12:39:58,943 | 🚗 CAR (0.78) | Plate: 4150747380
2025-07-29 12:39:59,401 | 🚗 CAR (0.86) | Plate: 2750747380
2025-07-29 12:39:59,899 | 🚗 CAR (0.77) | Plate: 41507487380
2025-07-29 12:40:00,329 | 🚗 CAR (0.72) | Plate: 21507407380
2025-07-29 12:40:00,769 | 🚗 CAR (0.72) | Plate: 07507467380
2025-07-29 12:40:01,245 | 🚗 CAR (0.66) | Plate: 4150767380
2025-07-29 12:40:01,677 | 🚗 CAR (0.75) | Plate: 2150787ZE0
2025-07-29 12:40:02,056 | 🚗 CAR (0.84) | Plate: C1S07487380
2025-07-29 12:40:02,401 | 🚗 CAR (0.72) | Plate: 21507487380
2025-07-29 12:40:02,729 | 🚗 CAR (0.73) | Plate: 21507407380
2025-07-29 12:40:03,143 | 🚗 CAR (0.73) | Plate: CTS07407380
2025-07-29 12:40:03,515 | 🚗 CAR (0.72) | Plate: 6150747380
2025-07-29 12:40:03,871 | 🚗 CAR (0.53) | Plate: "1507407380
2025-07-29 12:40:04,219 | 🚗 CAR (0.81) | Plate: "T507487380
2025-07-29 12:40:04,648 | 🚗 CAR (0.74) | Plate: 01507487380
2025-07-29 12:40:05,011 | 🚗 CAR (0.77) | Plate: 4150747380
2025-07-29 12:40:05,385 | 🚗 CAR (0.53) | Plate: 4150747380
2025-07-29 12:40:05,788 | 🚗 CAR (0.60) | Plate: '1507447380
2025-07-29 12:40:06,218 | 🚗 CAR (0.55) | Plate: 41507487380
2025-07-29 12:40:06,573 | 🚗 CAR (0.68) | Plate: 21507487380
2025-07-29 12:40:06,972 | 🚗 CAR (0.53) | Plate: 215074073E0
2025-07-29 12:40:07,407 | 🚗 CAR (0.65) | Plate: 9657 7Z0
2025-07-29 12:40:08,297 | 🚗 CAR (0.50) | Plate: 215077360
2025-07-29 12:40:09,506 | 🚗 CAR (0.56) | Plate: 21507473E0
2025-07-29 12:40:25,910 | 🚗 CAR (0.87) | Plate: E | EL 13
2025-07-29 12:40:26,327 | 🚗 CAR (0.83) | Plate: T 3]
2025-07-29 12:40:26,788 | 🚗 CAR (0.78) | Plate: LE 33
2025-07-29 12:40:27,304 | 🚗 CAR (0.79) | Plate: LE 4J
2025-07-29 12:40:29,146 | 🚗 CAR (0.81) | Plate: IL ,]
2025-07-29 12:40:29,659 | 🚗 CAR (0.84) | Plate: LE494
2025-07-29 12:40:30,535 | 🚗 CAR (0.89) | Plate: JL ,1
2025-07-29 12:40:31,010 | 🚗 CAR (0.86) | Plate: JI2>
2025-07-29 12:40:31,327 | 🚗 CAR (0.83) | Plate: ILL,]
2025-07-29 12:40:31,637 | 🚗 CAR (0.88) | Plate: JE]LE 92
2025-07-29 12:40:31,888 | 🚗 CAR (0.88) | Plate: JL>J
2025-07-29 12:40:32,293 | 🚗 CAR (0.86) | Plate: LL3}
2025-07-29 12:40:32,575 | 🚗 CAR (0.81) | Plate: JL 41 4
2025-07-29 12:40:33,077 | 🚗 CAR (0.88) | Plate: AEE 924
2025-07-29 12:40:33,302 | 🚗 CAR (0.88) | Plate: EL49
2025-07-29 12:40:33,652 | 🚗 CAR (0.86) | Plate: J ){0~
2025-07-29 12:40:33,861 | 🚗 CAR (0.86) | Plate: TE ] EE 9344
2025-07-29 12:40:34,121 | 🚗 CAR (0.83) | Plate: JA>J
2025-07-29 12:40:34,418 | 🚗 CAR (0.86) | Plate: J023
2025-07-29 12:40:34,718 | 🚗 CAR (0.81) | Plate: EEE92K
2025-07-29 12:40:35,030 | 🚗 CAR (0.85) | Plate: J >>
2025-07-29 12:40:35,323 | 🚗 CAR (0.88) | Plate: I )J
2025-07-29 12:40:35,615 | 🚗 CAR (0.82) | Plate: JL0-
2025-07-29 12:40:37,790 | 🚗 CAR (0.87) | Plate: TU>>
2025-07-29 12:40:38,276 | 🚗 CAR (0.84) | Plate: ILR>:
2025-07-29 12:40:40,821 | 🚗 CAR (0.80) | Plate: J I4 >
2025-07-29 12:40:41,556 | 🚗 CAR (0.84) | Plate: JEL>>
2025-07-29 12:40:41,821 | 🚗 CAR (0.80) | Plate: IL >>
2025-07-29 12:40:55,550 | 📸 TRUCK (0.83) | Plate: SOUIG/S1
2025-07-29 12:40:56,412 | 📸 TRUCK (0.73) | Plate: TSO8FG975 1
2025-07-29 12:40:56,590 | 🚗 CAR (0.52) | Plate: TS08F6375
2025-07-29 12:40:56,845 | 📸 TRUCK (0.75) | Plate: TSO8FG9751
2025-07-29 12:40:57,063 | 📸 TRUCK (0.73) | Plate: TS08FG975 1
2025-07-29 12:40:57,301 | 📸 TRUCK (0.71) | Plate: TSO8FG975 1
2025-07-29 12:40:57,535 | 📸 TRUCK (0.81) | Plate: TSOBFG9751
2025-07-29 12:40:57,782 | 📸 TRUCK (0.80) | Plate: TSOBFG975 1
2025-07-29 12:40:58,004 | 📸 TRUCK (0.78) | Plate: TSO8FG975 1
2025-07-29 12:40:58,242 | 📸 TRUCK (0.81) | Plate: TSO8FG975 1
2025-07-29 12:40:58,476 | 📸 TRUCK (0.79) | Plate: TSO8FG975 1
2025-07-29 12:40:58,699 | 📸 TRUCK (0.75) | Plate: TSO8FG975 1
2025-07-29 12:40:58,952 | 📸 TRUCK (0.80) | Plate: TSO8FG975 1
2025-07-29 12:40:59,168 | 📸 TRUCK (0.75) | Plate: TS08FG975 1
2025-07-29 12:40:59,605 | 📸 TRUCK (0.80) | Plate: TSOBFG975 1
2025-07-29 12:40:59,839 | 📸 TRUCK (0.70) | Plate: TSO8FG975 1
2025-07-29 12:41:00,077 | 📸 TRUCK (0.75) | Plate: TS08FG9751
2025-07-29 12:41:00,315 | 📸 TRUCK (0.57) | Plate: TSO8FG9751
2025-07-29 12:41:00,542 | 🚗 CAR (0.53) | Plate: TSO8FG9751
2025-07-29 12:41:00,832 | 📸 TRUCK (0.65) | Plate: TSO8FG9751
2025-07-29 12:41:01,235 | 📸 TRUCK (0.54) | Plate: TSO8FG9751
2025-07-29 12:41:01,537 | 📸 TRUCK (0.50) | Plate: TSO8FG9751
2025-07-29 12:41:01,776 | 📸 TRUCK (0.75) | Plate: TSOBFG9751
2025-07-29 12:41:02,010 | 📸 TRUCK (0.61) | Plate: TSO8FG9751
2025-07-29 12:41:02,196 | 🚗 CAR (0.52) | Plate: TSOBFOR,   {0 43)
2025-07-29 12:41:02,455 | 📸 TRUCK (0.70) | Plate: TSO8FG975 1
2025-07-29 12:41:02,669 | 📸 TRUCK (0.60) | Plate: TSO8FG975 1
2025-07-29 12:41:02,908 | 📸 TRUCK (0.64) | Plate: TSOBFG9751
2025-07-29 12:41:03,074 | 🚗 CAR (0.56) | Plate: TSOBFO-  '094)
2025-07-29 12:41:03,312 | 🚗 CAR (0.62) | Plate: TSOBFG9751
2025-07-29 12:41:03,482 | 📸 TRUCK (0.58) | Plate: TSOBFOV  '0 33)
2025-07-29 12:41:03,677 | 🚗 CAR (0.67) | Plate: TSO8FG975 1
2025-07-29 12:41:03,897 | 🚗 CAR (0.67) | Plate: TSO8FG975 1
2025-07-29 12:41:04,143 | 📸 TRUCK (0.61) | Plate: TSO8FG9751
2025-07-29 12:41:04,309 | 🚗 CAR (0.50) | Plate: TSOBFG-,   I^ 38)
2025-07-29 12:41:04,534 | 🚗 CAR (0.68) | Plate: TSO8FG975 1
2025-07-29 12:41:04,701 | 📸 TRUCK (0.52) | Plate: TSOBFO ,
2025-07-29 12:41:04,930 | 📸 TRUCK (0.62) | Plate: TSO8FG9751
2025-07-29 12:41:05,109 | 🚗 CAR (0.57) | Plate: TS08FG-+< '^ 75)
2025-07-29 12:41:05,592 | 📸 TRUCK (0.78) | Plate: TS  
2025-07-29 12:41:06,120 | 📸 TRUCK (0.76) | Plate: TSOBFG975 1
2025-07-29 12:41:06,552 | 📸 TRUCK (0.76) | Plate: TSO8FG975 1
2025-07-29 12:41:06,999 | 📸 TRUCK (0.74) | Plate: TSOBFG975
2025-07-29 12:41:07,453 | 📸 TRUCK (0.80) | Plate: TS08FG975
2025-07-29 12:41:07,909 | 📸 TRUCK (0.74) | Plate: TSOBFG975:
2025-07-29 12:41:08,379 | 📸 TRUCK (0.57) | Plate: TSO8FG975 1
2025-07-29 12:41:08,625 | 📸 TRUCK (0.65) | Plate: TSOBFG975 1
2025-07-29 12:41:08,901 | 📸 TRUCK (0.59) | Plate: TSOBFG975 1
2025-07-29 12:41:09,161 | 📸 TRUCK (0.78) | Plate: TSOBFG975:
2025-07-29 12:41:09,450 | 📸 TRUCK (0.79) | Plate: TSOBFG975 1
2025-07-29 12:41:09,697 | 📸 TRUCK (0.69) | Plate: TSOBFG975 1
2025-07-29 12:41:09,887 | 🚗 CAR (0.56) | Plate: TSOBFC975
2025-07-29 12:41:10,126 | 📸 TRUCK (0.79) | Plate: TSOBFG975 1
2025-07-29 12:41:10,418 | 📸 TRUCK (0.75) | Plate: TSOBFG975 1
2025-07-29 12:41:10,633 | 🚗 CAR (0.57) | Plate: TSOBFC975
2025-07-29 12:41:10,915 | 🚗 CAR (0.67) | Plate: TSOBFG975 1
2025-07-29 12:41:11,109 | 📸 TRUCK (0.53) | Plate: TSOBFC975
2025-07-29 12:41:11,379 | 📸 TRUCK (0.65) | Plate: TSOBFG975 1
2025-07-29 12:41:11,582 | 🚗 CAR (0.56) | Plate: TSOBFC975
2025-07-29 12:41:11,833 | 📸 TRUCK (0.74) | Plate: TSOBFG975 1
2025-07-29 12:41:12,336 | 📸 TRUCK (0.73) | Plate: TSOFG975 1
2025-07-29 12:41:12,611 | 📸 TRUCK (0.54) | Plate: TSO8FG975 1
2025-07-29 12:41:13,074 | 📸 TRUCK (0.68) | Plate: TSOBFG975 1
2025-07-29 12:41:20,723 | 🚗 CAR (0.55) | Plate: TS12 ET 1723 
2025-07-29 12:41:21,233 | 🚗 CAR (0.63) | Plate: TS12 ET 1723]
2025-07-29 12:41:21,562 | 🚗 CAR (0.72) | Plate: TS12 ET 17231
2025-07-29 12:41:21,897 | 🚗 CAR (0.58) | Plate: TS12 ET
2025-07-29 12:41:22,232 | 🚗 CAR (0.51) | Plate: TS12 ET
2025-07-29 12:41:22,558 | 🚗 CAR (0.65) | Plate: TS12 ET 1723
2025-07-29 12:41:22,831 | 🚗 CAR (0.76) | Plate: TS12 ET
2025-07-29 12:41:23,148 | 🚗 CAR (0.71) | Plate: TS12 ET
2025-07-29 12:41:23,432 | 🚗 CAR (0.62) | Plate: TS12 ET 17231
2025-07-29 12:41:23,753 | 🚗 CAR (0.75) | Plate: TS12 ET
2025-07-29 12:41:24,142 | 🚗 CAR (0.65) | Plate: TS12 ET
2025-07-29 12:41:24,533 | 🚗 CAR (0.72) | Plate: TS12 ET
2025-07-29 12:41:24,896 | 🚗 CAR (0.75) | Plate: TS12 ET
2025-07-29 12:41:25,214 | 🚗 CAR (0.65) | Plate: T812 ET 4723]
2025-07-29 12:41:25,697 | 🚗 CAR (0.57) | Plate: TS12 ET
2025-07-29 12:41:26,014 | 🚗 CAR (0.70) | Plate: TS12 ET
2025-07-29 12:41:26,390 | 🚗 CAR (0.66) | Plate: TS12 ET 4723}
2025-07-29 12:41:26,906 | 🚗 CAR (0.63) | Plate: TS12 ET
2025-07-29 12:41:27,201 | 🚗 CAR (0.65) | Plate: TS12 ET
2025-07-29 12:41:27,600 | 🚗 CAR (0.65) | Plate: TS12 ET
2025-07-29 12:41:28,115 | 🚗 CAR (0.65) | Plate: TS12 ET
2025-07-29 12:41:28,578 | 🚗 CAR (0.67) | Plate: TS12 ET 1723}
2025-07-29 12:41:28,915 | 🚗 CAR (0.64) | Plate: TS12 ET
2025-07-29 12:41:29,389 | 🚗 CAR (0.67) | Plate: TS12 ET
2025-07-29 12:41:29,697 | 🚗 CAR (0.73) | Plate: TS12 ET 17231
2025-07-29 12:41:30,051 | 🚗 CAR (0.84) | Plate: TS12 ET 17231
2025-07-29 12:41:30,380 | 🚗 CAR (0.81) | Plate: TS12 ET 17231
2025-07-29 12:41:30,696 | 🚗 CAR (0.67) | Plate: TS12 ET 1723}
2025-07-29 12:41:31,044 | 🚗 CAR (0.78) | Plate: TS12 ET
2025-07-29 12:41:31,374 | 🚗 CAR (0.77) | Plate: TS12 ET 1723
2025-07-29 12:41:31,795 | 🚗 CAR (0.78) | Plate: TS12 ET
2025-07-29 12:41:32,359 | 🚗 CAR (0.64) | Plate: TS12 ET 17231
2025-07-29 12:41:32,854 | 🚗 CAR (0.71) | Plate: TS12 ET
2025-07-29 12:41:33,334 | 🚗 CAR (0.76) | Plate: TS12 ET
2025-07-29 12:41:33,797 | 🚗 CAR (0.77) | Plate: TS12 ET 17231
2025-07-29 12:41:34,268 | 🚗 CAR (0.72) | Plate: TS12 ET
2025-07-29 12:41:34,734 | 🚗 CAR (0.73) | Plate: TS12 ET
2025-07-29 12:41:35,196 | 🚗 CAR (0.81) | Plate: TS12 ET
2025-07-29 12:41:35,528 | 🚗 CAR (0.79) | Plate: TS12 ET
2025-07-29 12:41:35,969 | 🚗 CAR (0.75) | Plate: TS12 ET
2025-07-29 12:41:36,314 | 🚗 CAR (0.78) | Plate: TS12 ET
2025-07-29 12:41:36,629 | 🚗 CAR (0.69) | Plate: TS12 ET
2025-07-29 12:41:36,970 | 🚗 CAR (0.79) | Plate: TS12 ET
2025-07-29 12:41:37,301 | 🚗 CAR (0.73) | Plate: TS12 ET
2025-07-29 12:41:37,640 | 🚗 CAR (0.79) | Plate: TS12 ET 1723}
2025-07-29 12:41:37,978 | 🚗 CAR (0.87) | Plate: TS12 ET
2025-07-29 12:41:38,310 | 🚗 CAR (0.88) | Plate: TS12 ET 1723]
2025-07-29 12:41:38,654 | 🚗 CAR (0.77) | Plate: TS12 ET
2025-07-29 12:41:38,963 | 🚗 CAR (0.80) | Plate: TS12 ET
2025-07-29 12:41:39,317 | 🚗 CAR (0.75) | Plate: TS12 ET
2025-07-29 12:41:39,630 | 🚗 CAR (0.81) | Plate: TS12 ET
2025-07-29 12:41:47,365 | 🚗 CAR (0.62) | Plate: JSO8GA9A|
2025-07-29 12:41:48,344 | 🚗 CAR (0.55) | Plate: I508GW9626
2025-07-29 12:41:49,376 | 🚗 CAR (0.57) | Plate: I508G/9626
2025-07-29 12:41:49,987 | 🚗 CAR (0.70) | Plate: I508G/9626
2025-07-29 12:41:50,478 | 🚗 CAR (0.82) | Plate: IS08GR9626
2025-07-29 12:41:51,267 | 🚗 CAR (0.75) | Plate: I508GH9626
2025-07-29 12:41:51,752 | 🚗 CAR (0.75) | Plate: OBAIL
2025-07-29 12:41:52,218 | 🚗 CAR (0.77) | Plate: NOBM
2025-07-29 12:41:52,784 | 🚗 CAR (0.76) | Plate: WOBNI
2025-07-29 12:41:53,112 | 🚗 CAR (0.65) | Plate: OONI
2025-07-29 12:41:53,441 | 🚗 CAR (0.71) | Plate: NOBNI
2025-07-29 12:41:54,315 | 🚗 CAR (0.61) | Plate: GISA
2025-07-29 12:41:54,952 | 🚗 CAR (0.51) | Plate: TSOPE
2025-07-29 12:41:55,620 | 🚗 CAR (0.51) | Plate: DIAH
2025-07-29 12:41:56,263 | 🚗 CAR (0.52) | Plate: 04 &
2025-07-29 12:41:56,638 | 🚗 CAR (0.51) | Plate: ALEN
2025-07-29 12:41:57,107 | 🚗 CAR (0.52) | Plate: WHOBAI
2025-07-29 12:41:57,834 | 🚗 CAR (0.56) | Plate: OBRT
2025-07-29 12:41:58,498 | 🚗 CAR (0.55) | Plate: OISH
2025-07-29 12:41:59,177 | 🚗 CAR (0.68) | Plate: I508G496267
2025-07-29 12:42:00,355 | 🚗 CAR (0.78) | Plate: I508G/9626
2025-07-29 12:42:01,095 | 🚗 CAR (0.86) | Plate: IS0BG/9626
2025-07-29 12:45:06,026 | 🚗 CAR (0.83) | Plate: 213,086496264
2025-07-29 12:45:06,166 | 🚗 CAR (0.72) | Plate: 0.83
2025-07-29 12:45:06,874 | 🚗 CAR (0.60) | Plate: 0.80
2025-07-29 12:45:07,308 | 🚗 CAR (0.73) | Plate: JONL
2025-07-29 12:45:07,377 | 🚗 CAR (0.70) | Plate: CAR 0,73
2025-07-29 12:45:18,578 | 🚗 CAR (0.51) | Plate: TS12 ET 1723
2025-07-29 12:45:18,737 | 🚗 CAR (0.76) | Plate: TS12 ET 1723
2025-07-29 12:45:18,909 | 🚗 CAR (0.73) | Plate: TS12 ET 1723
2025-07-29 12:45:19,081 | 🚗 CAR (0.79) | Plate: TS12 ET 1723
2025-07-29 12:45:19,295 | 🚗 CAR (0.51) | Plate: TS12 ET 1723
2025-07-29 12:45:19,504 | 🚗 CAR (0.52) | Plate: TS12 ET 1723
2025-07-29 12:45:20,296 | 🚗 CAR (0.53) | Plate: TS12 ET 1723
2025-07-29 12:45:20,620 | 🚗 CAR (0.50) | Plate: TS12 ET 1723
2025-07-29 12:45:21,010 | 🚗 CAR (0.75) | Plate: TS12 ET 1723
2025-07-29 12:45:21,313 | 🚗 CAR (0.63) | Plate: TS12 ET 1723
2025-07-29 12:45:22,026 | 🚗 CAR (0.50) | Plate: TS12 ET 1723
2025-07-29 12:45:22,731 | 🚗 CAR (0.52) | Plate: TS12 ET 1723
2025-07-29 12:45:22,929 | 🚗 CAR (0.53) | Plate: TS12 ET 1723
2025-07-29 12:45:23,167 | 🚗 CAR (0.54) | Plate: TS12 ET 1723
2025-07-29 12:45:23,343 | 🚗 CAR (0.72) | Plate: TS12 ET 1723
2025-07-29 12:45:23,505 | 🚗 CAR (0.64) | Plate: TS12 ET 1723
2025-07-29 12:45:23,676 | 🚗 CAR (0.51) | Plate: TS12 ET 1723
2025-07-29 12:45:23,843 | 🚗 CAR (0.56) | Plate: TS12 ET 1723
2025-07-29 12:45:24,009 | 🚗 CAR (0.62) | Plate: TS12 ET 1723
2025-07-29 12:45:24,182 | 🚗 CAR (0.74) | Plate: TS12 ET 1723
2025-07-29 12:45:24,396 | 🚗 CAR (0.68) | Plate: TS12 ET 1723
2025-07-29 12:45:46,897 | 🚗 CAR (0.90) | Plate: GTC49
2025-07-29 12:45:47,176 | 🚗 CAR (0.88) | Plate: TS12 ET1723
2025-07-29 12:45:47,440 | 🚗 CAR (0.83) | Plate: TS12 ET 1723
2025-07-29 12:45:47,722 | 🚗 CAR (0.70) | Plate: T8 Z ET 1723
2025-07-29 12:45:48,027 | 🚗 CAR (0.81) | Plate: TS12 ET 17231
2025-07-29 12:45:48,321 | 🚗 CAR (0.86) | Plate: TS12 ET 1723 
2025-07-29 12:45:48,682 | 🚗 CAR (0.83) | Plate: TS4P ET47234
2025-07-29 12:45:48,952 | 🚗 CAR (0.80) | Plate: GC4D
2025-07-29 12:45:49,282 | 🚗 CAR (0.80) | Plate: TC4I
2025-07-29 12:45:49,819 | 🚗 CAR (0.80) | Plate: GCDD
2025-07-29 12:45:50,140 | 🚗 CAR (0.74) | Plate: TS42 ET417231
2025-07-29 12:45:50,430 | 🚗 CAR (0.84) | Plate: LTC49 5T47231
2025-07-29 12:45:50,720 | 🚗 CAR (0.85) | Plate: GT64DET47231
2025-07-29 12:45:51,018 | 🚗 CAR (0.77) | Plate: LTC455T47934
2025-07-29 12:45:51,342 | 🚗 CAR (0.77) | Plate: GCTO
2025-07-29 12:45:51,655 | 🚗 CAR (0.82) | Plate: UCTOI
2025-07-29 12:45:53,622 | 🚗 CAR (0.85) | Plate: TS12 ET 1723:
2025-07-29 12:45:54,016 | 🚗 CAR (0.91) | Plate: TS12 ET 1723;
2025-07-29 12:45:54,519 | 🚗 CAR (0.79) | Plate: TS12 ET 17231
2025-07-29 12:45:54,980 | 🚗 CAR (0.73) | Plate: TS12 ET 17231
2025-07-29 12:46:01,186 | 🚗 CAR (0.65) | Plate: TS0BGH96267
2025-07-29 12:46:01,599 | 🚗 CAR (0.68) | Plate: IS08GH9626
2025-07-29 12:46:01,835 | 🚗 CAR (0.80) | Plate: TS08GK9626
2025-07-29 12:46:02,402 | 🚗 CAR (0.71) | Plate: I508GH96267
2025-07-29 12:46:02,530 | 🚗 CAR (0.63) | Plate: CAR 0.71
2025-07-29 12:46:03,266 | 🚗 CAR (0.72) | Plate: I508G/9626
2025-07-29 12:46:03,685 | 🚗 CAR (0.84) | Plate: IS08GW9626
2025-07-29 12:46:04,218 | 🚗 CAR (0.67) | Plate: IS08G79626
2025-07-29 12:46:19,326 | 🚗 CAR (0.50) | Plate: TS15ES2222
2025-07-29 12:46:21,091 | 🚗 CAR (0.52) | Plate: TS15ES2222
2025-07-29 12:46:22,804 | 🚗 CAR (0.50) | Plate: TS1SES2222
2025-07-29 12:46:27,405 | 🚗 CAR (0.51) | Plate: TS15ES2222
2025-07-29 12:46:27,659 | 🚗 CAR (0.79) | Plate: TS15ES2222
2025-07-29 12:46:28,098 | 🚗 CAR (0.51) | Plate: TSISES2222
2025-07-29 12:46:28,312 | 🚗 CAR (0.87) | Plate: TS15ES2222
2025-07-29 12:46:28,672 | 🚗 CAR (0.86) | Plate: TS15ES2222
2025-07-29 12:46:29,108 | 🚗 CAR (0.78) | Plate: TS15ES2222
2025-07-29 12:46:29,487 | 🚗 CAR (0.74) | Plate: TS15ES2222
2025-07-29 12:46:29,901 | 🚗 CAR (0.79) | Plate: TS1SES2222
2025-07-29 12:46:30,304 | 🚗 CAR (0.80) | Plate: TS15ES2222
2025-07-29 12:46:30,796 | 🚗 CAR (0.75) | Plate: TS15ES2222
2025-07-29 13:27:15,362 | 🚗 CAR (0.59) | Plate: TS08JU0810
2025-07-29 13:27:18,113 | 🚗 CAR (0.81) | Plate: I08JU0810
2025-07-29 13:27:18,975 | 🚗 CAR (0.68) | Plate: TS08JU0810
2025-07-29 13:27:19,464 | 🚗 CAR (0.63) | Plate: TS08 JUO810
2025-07-29 13:27:21,990 | 🚗 CAR (0.59) | Plate: TS08JU0810
2025-07-29 13:27:22,244 | 🚗 CAR (0.59) | Plate: TS08JU0810
2025-07-29 13:27:22,459 | 🚗 CAR (0.59) | Plate: TSO8JU0810
2025-07-29 13:27:23,296 | 🚗 CAR (0.56) | Plate: "TS08JU0810
2025-07-29 13:27:23,527 | 🚗 CAR (0.65) | Plate: TS0BJUOB10
2025-07-29 13:27:23,762 | 🚗 CAR (0.69) | Plate: TSO8JU0810
2025-07-29 13:27:23,992 | 🚗 CAR (0.64) | Plate: TS08JU0810
2025-07-29 13:27:24,301 | 🚗 CAR (0.51) | Plate: TS08 JU0810
2025-07-29 13:27:24,529 | 🚗 CAR (0.64) | Plate: TS08JU0810
2025-07-29 13:27:25,410 | 🚗 CAR (0.52) | Plate: TS08 JU0810
2025-07-29 13:27:25,766 | 🚗 CAR (0.52) | Plate: TS08JUOB10
2025-07-29 13:27:25,997 | 🚗 CAR (0.61) | Plate: TS08 JU0810
2025-07-29 13:27:26,247 | 🚗 CAR (0.71) | Plate: TS08JU0810
2025-07-29 13:27:26,511 | 🚗 CAR (0.58) | Plate: TS08 JU08105
2025-07-29 13:27:26,727 | 🚗 CAR (0.71) | Plate: TS08 JU0810
2025-07-29 13:27:26,969 | 🚗 CAR (0.60) | Plate: TS08JU0810
2025-07-29 13:27:27,253 | 🚗 CAR (0.67) | Plate: TS08JU810
2025-07-29 13:27:27,766 | 🚗 CAR (0.51) | Plate: TSO8JUO8 1
2025-07-29 13:27:28,011 | 🚗 CAR (0.51) | Plate: TS08JU0810
2025-07-29 13:27:28,625 | 🚗 CAR (0.73) | Plate: TS08 JUO810
2025-07-29 13:27:28,861 | 🚗 CAR (0.83) | Plate: TS08JU0810
2025-07-29 13:27:29,090 | 🚗 CAR (0.85) | Plate: TS08JU0810
2025-07-29 13:27:29,341 | 🚗 CAR (0.84) | Plate: TS08JU08105
2025-07-29 13:27:29,568 | 🚗 CAR (0.79) | Plate: TS08JU0810
2025-07-29 13:27:29,791 | 🚗 CAR (0.78) | Plate: TSO8JU0810
2025-07-29 13:27:51,781 | 🚗 CAR (0.59) | Plate: 1G07 T 7420
2025-07-29 13:27:52,253 | 🚗 CAR (0.78) | Plate: TGO7 T 7 LZO]
2025-07-29 13:27:52,704 | 🚗 CAR (0.71) | Plate: TG07 T 7L20
2025-07-29 13:27:53,087 | 🚗 CAR (0.60) | Plate: TG 07T 7420
2025-07-29 13:27:53,529 | 🚗 CAR (0.69) | Plate: TG07T 7LZ01
2025-07-29 13:27:53,930 | 🚗 CAR (0.62) | Plate: TG07 T 74Z0
2025-07-29 13:27:54,349 | 🚗 CAR (0.77) | Plate: TG07T 7420
2025-07-29 13:27:54,824 | 📸 TRUCK (0.62) | Plate: TG07 T 7420
2025-07-29 13:27:55,261 | 🚗 CAR (0.88) | Plate: TGOZT7420
2025-07-29 13:27:55,697 | 🚗 CAR (0.87) | Plate: TG07T7420
2025-07-29 13:27:55,959 | 🚗 CAR (0.91) | Plate: TGO7T 7420
2025-07-29 13:27:56,852 | 🚗 CAR (0.76) | Plate: TGOZT 7L201
2025-07-29 13:27:57,185 | 🚗 CAR (0.76) | Plate: TG07T7420
2025-07-29 13:27:57,754 | 🚗 CAR (0.78) | Plate: TG 07T 7L20
2025-07-29 13:27:58,190 | 🚗 CAR (0.60) | Plate: TG07 T 7420
2025-07-29 13:27:58,635 | 🚗 CAR (0.52) | Plate: TG 07 T 7420
2025-07-29 13:27:59,176 | 📸 TRUCK (0.55) | Plate: TG07 T 720
2025-07-29 13:27:59,725 | 📸 TRUCK (0.57) | Plate: TG07 T 7L20
2025-07-29 13:27:59,913 | 🚗 CAR (0.56) | Plate: T607T 7LZ0 (02)
2025-07-29 13:28:00,409 | 🚗 CAR (0.57) | Plate: TG07 T 7420
2025-07-29 13:28:01,424 | 🚗 CAR (0.51) | Plate: TG07 T 7420
2025-07-29 13:28:02,055 | 🚗 CAR (0.63) | Plate: TG07T 7420
2025-07-29 13:28:02,309 | 🚗 CAR (0.60) | Plate: TGO7T 7420
2025-07-29 13:28:02,601 | 🚗 CAR (0.55) | Plate: TG07T 7420
2025-07-29 13:28:02,848 | 🚗 CAR (0.72) | Plate: TG07 T 7420
2025-07-29 13:28:03,230 | 🚗 CAR (0.61) | Plate: TG07 T 7420
2025-07-29 13:28:03,471 | 🚗 CAR (0.56) | Plate: TG07T 7L20
2025-07-29 13:28:05,382 | 🚗 CAR (0.62) | Plate: TG07 T 7L20
2025-07-29 13:28:05,876 | 🚗 CAR (0.73) | Plate: TG07T7L20
2025-07-29 13:28:06,273 | 🚗 CAR (0.72) | Plate: TG0ZT7420
2025-07-29 13:28:06,711 | 🚗 CAR (0.56) | Plate: TG07T 7L20
2025-07-29 13:28:07,414 | 🚗 CAR (0.54) | Plate: TG07T 7L20
2025-07-29 13:28:12,507 | 🚗 CAR (0.69) | Plate: TEOTWZ
2025-07-29 13:28:12,660 | 🚗 CAR (0.86) | Plate: 760Z L ZZD
2025-07-29 13:28:13,361 | 🚗 CAR (0.73) | Plate: 7G07 [
2025-07-29 13:28:13,884 | 🚗 CAR (0.76) | Plate: 75017Z0)
2025-07-29 13:28:15,271 | 🚗 CAR (0.60) | Plate: 7G07 [ 7420
2025-07-29 13:28:15,587 | 🚗 CAR (0.79) | Plate: TG07 [ 7420
2025-07-29 13:28:15,993 | 🚗 CAR (0.62) | Plate: 7G07  7 L20]
2025-07-29 13:28:16,135 | 🚗 CAR (0.90) | Plate: 7607 [ 7 4Z0]
2025-07-29 13:28:16,507 | 🚗 CAR (0.89) | Plate: 76071 7L20
2025-07-29 13:28:17,314 | 🚗 CAR (0.82) | Plate: 776 0217420
2025-07-29 13:28:17,640 | 🚗 CAR (0.54) | Plate: TO07 67420
2025-07-29 13:28:18,958 | 🚗 CAR (0.75) | Plate: TG0Z  7420
2025-07-29 13:28:19,424 | 🚗 CAR (0.78) | Plate: TG07T 7 L20
2025-07-29 13:28:20,445 | 🚗 CAR (0.53) | Plate: 1G0Z [ 7 L20]
2025-07-29 13:28:20,769 | 🚗 CAR (0.66) | Plate: TGO7T 7LZ0
2025-07-29 13:28:21,118 | 🚗 CAR (0.56) | Plate: TG07 17 4201
2025-07-29 13:28:21,474 | 🚗 CAR (0.55) | Plate: TG07 1 7420
2025-07-29 13:28:21,795 | 🚗 CAR (0.54) | Plate: TG07 [ 7 420
2025-07-29 13:28:22,139 | 🚗 CAR (0.53) | Plate: TG07 1 7420]
2025-07-29 13:28:23,451 | 🚗 CAR (0.56) | Plate: TG 071 7 420]
2025-07-29 13:28:24,657 | 🚗 CAR (0.78) | Plate: TG07T 7 (201
2025-07-29 13:28:24,829 | 🚗 CAR (0.69) | Plate: TG07 1 7420]
2025-07-29 13:28:26,824 | 🚗 CAR (0.51) | Plate: TG07 ~ 7EZOI
2025-07-29 14:07:46,536 | 🚗 CAR (0.79) | Plate: ~OR  3E
2025-07-29 14:07:46,964 | 🚗 CAR (0.86) | Plate: A= ' @- -
2025-07-29 14:07:48,064 | 🚗 CAR (0.89) | Plate: 1 < ^ ' R- - -
2025-07-29 14:07:48,501 | 🚗 CAR (0.87) | Plate: KPS" R " -
2025-07-29 14:07:49,169 | 🚗 CAR (0.89) | Plate: SNF"
2025-07-29 14:07:50,210 | 🚗 CAR (0.79) | Plate: 40 "
2025-07-29 14:07:50,645 | 🚗 CAR (0.80) | Plate: #5" " @" ` ^
2025-07-29 14:07:51,033 | 🚗 CAR (0.84) | Plate: S~" " 0 `
2025-07-29 14:08:34,276 | 🚗 CAR (0.66) | Plate: 7L25
2025-07-29 14:08:34,577 | 🚗 CAR (0.67) | Plate: 7L26
2025-07-29 14:08:34,792 | 🚗 CAR (0.84) | Plate: TG07 T743
2025-07-29 14:09:25,746 | 🚗 CAR (0.55) | Plate: TG07 1 7420
2025-07-29 14:09:25,940 | 🚗 CAR (0.78) | Plate: TG0Z [7L20
2025-07-29 14:09:26,092 | 🚗 CAR (0.88) | Plate: TG07 [ 7420
2025-07-29 14:09:26,289 | 🚗 CAR (0.91) | Plate: TG07 I7420
2025-07-29 14:09:26,522 | 🚗 CAR (0.89) | Plate: TG07 T 7420
2025-07-29 14:09:26,744 | 🚗 CAR (0.87) | Plate: TG07 [7L205
2025-07-29 14:09:26,978 | 🚗 CAR (0.88) | Plate: TG07 [ 7420
2025-07-29 14:09:27,217 | 🚗 CAR (0.86) | Plate: TG0Z [7620
2025-07-29 14:09:27,444 | 🚗 CAR (0.92) | Plate: TG0ZI7620
2025-07-29 14:09:27,680 | 🚗 CAR (0.90) | Plate: TG0Z17L20
2025-07-29 14:09:27,966 | 🚗 CAR (0.84) | Plate: TG0Z [ 7L20
2025-07-29 14:09:28,166 | 🚗 CAR (0.85) | Plate: TG0Z17 420
2025-07-29 14:09:28,368 | 🚗 CAR (0.89) | Plate: TG0Z I 7420
2025-07-29 14:09:28,567 | 🚗 CAR (0.90) | Plate: TG0ZT 7LZ0
2025-07-29 14:09:28,771 | 🚗 CAR (0.86) | Plate: TG07 [ 7420
2025-07-29 14:09:28,968 | 🚗 CAR (0.89) | Plate: TGOZ 17L20
2025-07-29 14:09:29,167 | 🚗 CAR (0.86) | Plate: TGOZ T 7L20
2025-07-29 14:09:29,367 | 🚗 CAR (0.78) | Plate: TG07 [ 7420
2025-07-29 14:09:29,574 | 🚗 CAR (0.87) | Plate: TG0ZL7420
2025-07-29 14:09:29,756 | 🚗 CAR (0.86) | Plate: TG0Z17L20
2025-07-29 14:09:29,999 | 🚗 CAR (0.70) | Plate: TG07 T7620
2025-07-29 14:09:30,255 | 🚗 CAR (0.62) | Plate: TG0717420
2025-07-29 14:09:30,411 | 🚗 CAR (0.65) | Plate: TG0Z17420
2025-07-29 14:09:30,628 | 🚗 CAR (0.55) | Plate: 4OIO
2025-07-29 14:09:30,813 | 🚗 CAR (0.76) | Plate: TG07T7420
2025-07-29 14:09:30,980 | 🚗 CAR (0.63) | Plate: TG07 T 7L20
2025-07-29 14:09:31,142 | 🚗 CAR (0.62) | Plate: TG0717420
2025-07-29 14:09:31,322 | 🚗 CAR (0.64) | Plate: J0T0R
2025-07-29 14:09:38,969 | 🚗 CAR (0.68) | Plate: TGOIIE0
2025-07-29 14:09:39,125 | 🚗 CAR (0.68) | Plate: TO Z0 (005)
2025-07-29 14:09:39,338 | 🚗 CAR (0.79) | Plate: TG07 L7420
2025-07-29 14:09:39,773 | 🚗 CAR (0.82) | Plate: TG 0Z I
2025-07-29 14:09:39,959 | 🚗 CAR (0.62) | Plate: 16 02 | (027)
2025-07-29 14:09:40,147 | 🚗 CAR (0.82) | Plate: TG0Z1 7420
2025-07-29 14:09:40,472 | 🚗 CAR (0.87) | Plate: TG0Z 1 7L20
2025-07-29 14:09:40,916 | 🚗 CAR (0.89) | Plate: TG0ZI
2025-07-29 14:09:41,251 | 🚗 CAR (0.91) | Plate: TG0Z1 7420
2025-07-29 14:09:41,581 | 🚗 CAR (0.92) | Plate: TG0Z1 7420
2025-07-29 14:09:41,876 | 🚗 CAR (0.92) | Plate: TG0Z I
2025-07-29 14:09:42,173 | 🚗 CAR (0.93) | Plate: TG0Z 1 7420
2025-07-29 14:09:42,498 | 🚗 CAR (0.93) | Plate: TG0Z T
2025-07-29 14:09:42,860 | 🚗 CAR (0.92) | Plate: TG0Z 1 7420
2025-07-29 14:09:43,570 | 🚗 CAR (0.62) | Plate: TG0Z [ 7420
2025-07-29 14:09:44,837 | 🚗 CAR (0.64) | Plate: IG0Z] 7420
2025-07-29 14:09:45,183 | 🚗 CAR (0.61) | Plate: PERSON 0
2025-07-29 14:09:45,558 | 🚗 CAR (0.62) | Plate: PERSON
2025-07-29 14:09:45,927 | 🚗 CAR (0.82) | Plate: PERSON
2025-07-29 14:09:46,292 | 🚗 CAR (0.74) | Plate: PERSON
2025-07-29 14:09:46,510 | 🚗 CAR (0.76) | Plate: [1G071742O
2025-07-29 14:09:49,312 | 🚗 CAR (0.76) | Plate: 70,I )A0
2025-07-29 14:09:51,752 | 🚗 CAR (0.53) | Plate: 760717420
2025-07-29 14:09:53,055 | 🚗 CAR (0.94) | Plate: 7607 [7K20
2025-07-29 14:09:53,473 | 🚗 CAR (0.92) | Plate: TG 07 T 7420
2025-07-29 14:09:53,876 | 🚗 CAR (0.93) | Plate: TG07 T 7420
2025-07-29 14:09:54,284 | 🚗 CAR (0.92) | Plate: TG07 T 7420
2025-07-29 14:09:54,702 | 🚗 CAR (0.91) | Plate: TG07T 7420
2025-07-29 14:09:55,093 | 🚗 CAR (0.91) | Plate: TG07T 7420
2025-07-29 14:09:55,495 | 🚗 CAR (0.89) | Plate: TG07 T 7420
2025-07-29 14:09:55,918 | 🚗 CAR (0.94) | Plate: TG 07 1 7420
2025-07-29 14:09:56,321 | 🚗 CAR (0.92) | Plate: TG07 I 7420
2025-07-29 14:09:56,684 | 🚗 CAR (0.93) | Plate: 7G071 7420
2025-07-29 14:09:57,046 | 🚗 CAR (0.92) | Plate: TG 07 I 7420
2025-07-29 14:09:57,436 | 🚗 CAR (0.93) | Plate: 7G07 [7420
2025-07-29 14:09:57,742 | 🚗 CAR (0.95) | Plate: 7G0Z 17420
2025-07-29 14:09:58,073 | 🚗 CAR (0.95) | Plate: 7G0717420
2025-07-29 14:09:58,409 | 🚗 CAR (0.92) | Plate: TG07 17420
2025-07-29 14:09:58,609 | 🚗 CAR (0.95) | Plate: TG07 I7420
2025-07-29 14:09:58,935 | 🚗 CAR (0.93) | Plate: TG07 T7420
2025-07-29 14:09:59,100 | 🚗 CAR (0.93) | Plate: TG07 17420
2025-07-29 14:09:59,263 | 🚗 CAR (0.92) | Plate: TG07 [7420
2025-07-29 14:09:59,441 | 🚗 CAR (0.93) | Plate: TG 07 T7420
2025-07-29 14:09:59,606 | 🚗 CAR (0.94) | Plate: TG07 T 7420
2025-07-29 14:09:59,935 | 🚗 CAR (0.86) | Plate: TG 07 T 7420
2025-07-29 14:10:00,101 | 🚗 CAR (0.83) | Plate: TG07 I7420
2025-07-29 14:10:00,272 | 🚗 CAR (0.90) | Plate: TG07 T 7420
2025-07-29 14:10:00,470 | 🚗 CAR (0.73) | Plate: T607 17420
2025-07-29 14:10:00,663 | 🚗 CAR (0.85) | Plate: TG07 T 7420
2025-07-29 14:10:00,838 | 🚗 CAR (0.86) | Plate: TG 07 T 7420
2025-07-29 14:10:01,164 | 🚗 CAR (0.57) | Plate: 4OIOR
2025-07-29 14:10:05,829 | 🚗 CAR (0.88) | Plate: TGOZT 7420
2025-07-29 14:10:06,060 | 🚗 CAR (0.93) | Plate: IGOL
2025-07-29 14:10:06,550 | 🚗 CAR (0.84) | Plate: T7620
2025-07-29 14:10:07,013 | 🚗 CAR (0.92) | Plate: TG0Z 1 7420
2025-07-29 14:10:07,185 | 🚗 CAR (0.93) | Plate: 7420
2025-07-29 14:10:07,700 | 🚗 CAR (0.94) | Plate: TG0Z I
2025-07-29 14:10:07,979 | 🚗 CAR (0.96) | Plate: MOTORCL
2025-07-29 14:10:08,229 | 🚗 CAR (0.96) | Plate: TGOZ I
2025-07-29 14:10:08,444 | 🚗 CAR (0.95) | Plate: MOTONCAE
2025-07-29 14:10:08,645 | 🚗 CAR (0.94) | Plate: MUTUR CAR
2025-07-29 14:10:08,850 | 🚗 CAR (0.94) | Plate: TNOTOR CH
2025-07-29 14:10:09,086 | 🚗 CAR (0.94) | Plate: TG0Z I
2025-07-29 14:10:09,325 | 🚗 CAR (0.92) | Plate: MUTOR CAU
2025-07-29 14:10:09,551 | 🚗 CAR (0.93) | Plate: MOTOA CLE
2025-07-29 14:10:09,788 | 🚗 CAR (0.93) | Plate: LOTOR CAB
2025-07-29 14:10:10,029 | 🚗 CAR (0.93) | Plate: MOTON UAB
2025-07-29 14:10:10,264 | 🚗 CAR (0.94) | Plate: MOTOA UAE
2025-07-29 14:10:10,479 | 🚗 CAR (0.95) | Plate: MUTUR CAT
2025-07-29 14:10:10,706 | 🚗 CAR (0.94) | Plate: 6OIUHCAL
2025-07-29 14:10:11,209 | 🚗 CAR (0.72) | Plate: 7420
2025-07-29 14:10:33,642 | 🚗 CAR (0.57) | Plate: PERSON 0.58
2025-07-29 14:10:36,873 | 🚗 CAR (0.58) | Plate: TG07 T 7420
2025-07-29 14:10:37,827 | 🚗 CAR (0.56) | Plate: TG07 T 7 L20
2025-07-29 14:10:38,638 | 🚗 CAR (0.51) | Plate: TG07
2025-07-29 14:10:39,711 | 🚗 CAR (0.54) | Plate: TG07 T
2025-07-29 14:10:40,592 | 🚗 CAR (0.53) | Plate: PERSCN 0.86
2025-07-29 14:10:41,444 | 🚗 CAR (0.77) | Plate: PERSON 0.79
2025-07-29 14:10:42,384 | 🚗 CAR (0.79) | Plate: PERSON
2025-07-29 14:10:43,030 | 🚗 CAR (0.74) | Plate: IG07T 7420
2025-07-29 14:10:43,788 | 🚗 CAR (0.57) | Plate: IG0ZT 7420
2025-07-29 14:10:44,511 | 🚗 CAR (0.67) | Plate: PERSON
2025-07-29 14:10:45,166 | 🚗 CAR (0.78) | Plate: TG07 T 7420
2025-07-29 14:10:45,869 | 🚗 CAR (0.51) | Plate: PERSON
2025-07-29 14:10:46,352 | 🚗 CAR (0.74) | Plate: TG071 7420
2025-07-29 14:10:47,350 | 🚗 CAR (0.61) | Plate: TGCZ T 7 L20
2025-07-29 14:10:47,931 | 🚗 CAR (0.61) | Plate: TG0ZT 7420
2025-07-29 14:10:48,846 | 🚗 CAR (0.55) | Plate: PERSON 0.75
2025-07-29 16:35:00,926 | 📸 BUS (0.54) | Plate: JCAL
2025-07-29 16:35:03,035 | 📸 BUS (0.52) | Plate: JCBL
2025-07-29 16:35:03,364 | 📸 BUS (0.64) | Plate: UCBL
2025-07-29 16:35:04,504 | 📸 BUS (0.59) | Plate: JCBL
2025-07-29 16:35:05,103 | 📸 BUS (0.71) | Plate: JCBL
2025-07-29 16:35:06,503 | 📸 BUS (0.63) | Plate: JCBL
2025-07-29 16:35:06,930 | 📸 BUS (0.56) | Plate: JGBL
2025-07-29 16:35:07,622 | 📸 BUS (0.53) | Plate: JCBL
2025-07-29 16:35:08,018 | 📸 BUS (0.52) | Plate: JCBL
2025-07-29 16:35:08,416 | 📸 BUS (0.56) | Plate: JCBL
2025-07-29 16:35:09,235 | 📸 BUS (0.50) | Plate: JCBL
2025-07-29 16:35:13,398 | 📸 BUS (0.65) | Plate: JOBL
2025-07-29 16:36:13,347 | 📸 TRUCK (0.53) | Plate: TSO9EX55482
2025-07-29 16:36:13,732 | 🚗 CAR (0.55) | Plate: TSO9EX55L8
2025-07-29 16:36:13,963 | 🚗 CAR (0.62) | Plate: TSO9EX5548
2025-07-29 16:36:14,347 | 🚗 CAR (0.57) | Plate: TSO9EX55L8
2025-07-29 16:36:14,709 | 🚗 CAR (0.64) | Plate: TSO9EX5548
2025-07-29 16:36:16,134 | 🚗 CAR (0.58) | Plate: TSO9EX55L8
2025-07-29 16:36:16,393 | 🚗 CAR (0.67) | Plate: TSO9EX5548 
2025-07-29 16:36:16,865 | 🚗 CAR (0.59) | Plate: TSO9EX55L8,
2025-07-29 16:36:17,238 | 🚗 CAR (0.62) | Plate: TSO9EX5548
2025-07-29 16:36:17,491 | 🚗 CAR (0.68) | Plate: FTSO9EX55L8
2025-07-29 16:36:17,842 | 🚗 CAR (0.76) | Plate: TSO9EX5548,
2025-07-29 16:36:18,284 | 🚗 CAR (0.63) | Plate: FTSO9EX55L8
2025-07-29 16:36:18,615 | 📸 TRUCK (0.51) | Plate: FTSO9EX5548
2025-07-29 16:36:18,975 | 🚗 CAR (0.51) | Plate: TSO9EX5548
2025-07-29 16:36:19,525 | 🚗 CAR (0.60) | Plate: TSO9EX5548
2025-07-29 16:36:20,089 | 🚗 CAR (0.59) | Plate: ~TSO9EX55L8
2025-07-29 16:36:20,468 | 🚗 CAR (0.58) | Plate: TSO9EX55L8 
2025-07-29 16:36:20,825 | 🚗 CAR (0.61) | Plate: TSO9EX55L8
2025-07-30 14:24:53,965 | 🚗 CAR (0.62) | Plate: TS15FA065Z 
2025-07-30 14:24:58,143 | 🚗 CAR (0.64) | Plate: TS1SFAO657
2025-07-30 14:25:09,562 | 🚗 CAR (0.87) | Plate: APO9CR0799
2025-07-30 14:25:10,495 | 🚗 CAR (0.90) | Plate: AP09CR0729
2025-07-30 14:25:10,980 | 🚗 CAR (0.89) | Plate: APO9CR0799
2025-07-30 14:25:11,309 | 🚗 CAR (0.90) | Plate: APO9CR0799
2025-07-30 14:25:11,774 | 🚗 CAR (0.87) | Plate: APO9CR0799
2025-07-30 14:25:12,107 | 🚗 CAR (0.90) | Plate: APO9CR0799
2025-07-30 14:25:12,511 | 🚗 CAR (0.90) | Plate: APO9CR0799
2025-07-30 14:25:12,920 | 🚗 CAR (0.91) | Plate: APO9CR0799
2025-07-30 14:25:13,306 | 🚗 CAR (0.92) | Plate: APO9CR0799]
2025-07-30 14:25:13,720 | 🚗 CAR (0.90) | Plate: APO9CR0799
2025-07-30 14:25:13,981 | 🚗 CAR (0.90) | Plate: APO9CR0799
2025-07-30 14:25:14,211 | 🚗 CAR (0.92) | Plate: APO9CR0799
2025-07-30 14:25:14,572 | 🚗 CAR (0.91) | Plate: APO9CR0799
2025-07-30 14:25:14,947 | 🚗 CAR (0.91) | Plate: APO9CR0799
2025-07-30 14:25:15,304 | 🚗 CAR (0.91) | Plate: APO9CR0799
2025-07-30 14:25:15,647 | 🚗 CAR (0.91) | Plate: APO9CR0799
2025-07-30 14:25:15,978 | 🚗 CAR (0.92) | Plate: APO9CR0799
2025-07-30 14:25:16,304 | 🚗 CAR (0.92) | Plate: APO9CR0799
2025-07-30 14:25:16,639 | 🚗 CAR (0.92) | Plate: APO9CR0799
2025-07-30 14:25:16,973 | 🚗 CAR (0.91) | Plate: APO9CR0799
2025-07-30 14:25:17,179 | 🚗 CAR (0.91) | Plate: APO9CR0799
2025-07-30 14:25:17,499 | 🚗 CAR (0.91) | Plate: APO9CR0799
2025-07-30 14:25:17,801 | 🚗 CAR (0.90) | Plate: APO9CR0799
2025-07-30 14:25:18,139 | 🚗 CAR (0.89) | Plate: APO9CR0799
2025-07-30 14:25:18,473 | 🚗 CAR (0.89) | Plate: APO9CR0799
2025-07-30 14:25:18,678 | 🚗 CAR (0.88) | Plate: APO9CR0799
2025-07-30 14:25:18,998 | 🚗 CAR (0.88) | Plate: APO9CR0799
2025-07-30 14:25:19,338 | 🚗 CAR (0.92) | Plate: APO9CRO799
2025-07-30 14:25:19,545 | 🚗 CAR (0.92) | Plate: APO9CR0799
2025-07-30 14:25:19,867 | 🚗 CAR (0.92) | Plate: APO9CR0799
2025-07-30 14:25:20,080 | 🚗 CAR (0.92) | Plate: APO9CR0799
2025-07-30 14:25:20,400 | 🚗 CAR (0.92) | Plate: APO9CR0799
2025-07-30 14:25:20,620 | 🚗 CAR (0.91) | Plate: APO9CRO799
2025-07-30 14:25:20,812 | 🚗 CAR (0.92) | Plate: APO9CR0799
2025-07-30 14:25:21,010 | 🚗 CAR (0.92) | Plate: APO9CR0799
2025-07-30 14:25:21,333 | 🚗 CAR (0.92) | Plate: APO9CR0799
2025-07-30 14:25:21,634 | 🚗 CAR (0.93) | Plate: APO9CR0799
2025-07-30 14:25:53,244 | 🚗 CAR (0.74) | Plate: APUWCKO7N9
2025-07-30 14:25:53,611 | 🚗 CAR (0.92) | Plate: APO9CRO799
2025-07-30 14:25:54,005 | 🚗 CAR (0.91) | Plate: AP09CR0799
2025-07-30 14:25:54,369 | 🚗 CAR (0.88) | Plate: 'APO9CR0799
2025-07-30 14:25:54,702 | 🚗 CAR (0.94) | Plate: APO9CR0733
2025-07-30 14:25:55,237 | 🚗 CAR (0.93) | Plate: APO9CR0799] 
2025-07-30 14:25:55,700 | 🚗 CAR (0.92) | Plate: APO9CR0799
2025-07-30 14:25:56,155 | 🚗 CAR (0.93) | Plate: APO9CR0799
2025-07-30 14:25:56,582 | 🚗 CAR (0.91) | Plate: APO9CR0799
2025-07-30 14:25:56,972 | 🚗 CAR (0.91) | Plate: APO9CR0799
2025-07-30 14:25:57,378 | 🚗 CAR (0.94) | Plate: APO9CRO799
2025-07-30 14:25:57,776 | 🚗 CAR (0.94) | Plate: APO9CRO799
2025-07-30 14:25:58,179 | 🚗 CAR (0.93) | Plate: APO9CR0799
2025-07-30 14:25:58,572 | 🚗 CAR (0.95) | Plate: APO9CRO799
2025-07-30 14:25:58,952 | 🚗 CAR (0.95) | Plate: APO9CR0799
2025-07-30 14:25:59,340 | 🚗 CAR (0.93) | Plate: APO9CRO799
2025-07-30 14:25:59,746 | 🚗 CAR (0.94) | Plate: APO9CRO799
2025-07-30 14:26:00,136 | 🚗 CAR (0.95) | Plate: APO9CRO799
2025-07-30 14:26:00,530 | 🚗 CAR (0.92) | Plate: APO9CRO799
2025-07-30 14:26:00,894 | 🚗 CAR (0.91) | Plate: APO9CR0799
2025-07-30 14:26:01,263 | 🚗 CAR (0.92) | Plate: APO9CRO799
2025-07-30 14:26:01,640 | 🚗 CAR (0.92) | Plate: APO9CR0799
2025-07-30 14:26:02,005 | 🚗 CAR (0.93) | Plate: APO9CRO799
2025-07-30 14:26:02,378 | 🚗 CAR (0.95) | Plate: APO9CRO799
2025-07-30 14:26:02,738 | 🚗 CAR (0.92) | Plate: APO9CR0799
2025-07-30 14:26:03,065 | 🚗 CAR (0.94) | Plate: APO9CRO799
2025-07-30 14:26:03,390 | 🚗 CAR (0.94) | Plate: APO9CRO799
2025-07-30 14:26:03,736 | 🚗 CAR (0.93) | Plate: APO9CR0799
2025-07-30 14:26:04,050 | 🚗 CAR (0.92) | Plate: APO9CRO799
2025-07-30 14:26:04,351 | 🚗 CAR (0.94) | Plate: APO9CRO799
2025-07-30 14:26:04,685 | 🚗 CAR (0.94) | Plate: APO9CRO799
2025-07-30 14:26:04,995 | 🚗 CAR (0.92) | Plate: APO9CRO799
2025-07-30 14:26:05,317 | 🚗 CAR (0.92) | Plate: APO9CRO799
2025-07-30 14:26:05,529 | 🚗 CAR (0.90) | Plate: APO9CRO799
2025-07-30 14:26:05,903 | 🚗 CAR (0.94) | Plate: APO9CRO799
2025-07-30 14:26:06,236 | 🚗 CAR (0.92) | Plate: APO9CRO799
2025-07-30 14:26:06,563 | 🚗 CAR (0.93) | Plate: APO9CRO799
2025-07-30 14:26:06,966 | 🚗 CAR (0.93) | Plate: APO9CRO799
2025-07-30 14:26:07,325 | 🚗 CAR (0.93) | Plate: APO9CRO799
2025-07-30 14:26:07,696 | 🚗 CAR (0.93) | Plate: APO9CR0799
2025-07-30 14:26:08,019 | 🚗 CAR (0.90) | Plate: APO9CRO799
2025-07-30 14:26:08,356 | 🚗 CAR (0.90) | Plate: APO9CRO799
2025-07-30 14:26:08,686 | 🚗 CAR (0.87) | Plate: APO9CRO799
2025-07-30 14:26:09,062 | 🚗 CAR (0.90) | Plate: APO9CR0799
2025-07-30 14:26:09,392 | 🚗 CAR (0.88) | Plate: APO9CRO799
2025-07-30 14:26:11,427 | 🚗 CAR (0.60) | Plate: ATCECRO7S9
2025-07-30 14:26:12,944 | 🚗 CAR (0.69) | Plate: APOGCR0739
2025-07-30 14:27:42,383 | 📸 TRUCK (0.62) | Plate: VEIJ5
2025-07-30 14:27:42,577 | 📸 TRUCK (0.81) | Plate: JRUO9I
2025-07-30 14:27:42,786 | 📸 TRUCK (0.72) | Plate: 48ESE
2025-07-30 14:27:42,956 | 📸 TRUCK (0.87) | Plate: 1512
2025-07-30 14:27:43,354 | 📸 TRUCK (0.87) | Plate: (VB4JSO
2025-07-30 14:27:43,801 | 📸 TRUCK (0.76) | Plate: 1917
2025-07-30 14:27:44,017 | 📸 BUS (0.77) | Plate: 4LJED
2025-07-30 14:27:44,640 | 📸 BUS (0.87) | Plate: VENEL
2025-07-30 14:27:44,902 | 📸 BUS (0.76) | Plate: 7842
2025-07-30 14:28:09,378 | 🚗 CAR (0.89) | Plate: 1691
2025-07-30 14:28:09,592 | 🚗 CAR (0.91) | Plate: 16981
2025-07-30 14:28:10,133 | 🚗 CAR (0.94) | Plate: IG H
2025-07-30 14:28:10,393 | 🚗 CAR (0.93) | Plate: DE9D|
2025-07-30 14:28:10,660 | 🚗 CAR (0.86) | Plate: LTU1 3698
2025-07-30 14:28:10,836 | 🚗 CAR (0.83) | Plate: 2690]
2025-07-30 14:28:11,238 | 🚗 CAR (0.90) | Plate: ML3698)
2025-07-30 14:28:11,396 | 🚗 CAR (0.86) | Plate: LGW8695
2025-07-30 14:28:11,631 | 🚗 CAR (0.81) | Plate: 4G V3696
2025-07-30 14:28:11,886 | 🚗 CAR (0.86) | Plate: HIG II
2025-07-30 14:28:12,042 | 🚗 CAR (0.89) | Plate: 3695
2025-07-30 14:28:12,191 | 🚗 CAR (0.88) | Plate: HGW2695
2025-07-30 14:28:12,443 | 🚗 CAR (0.92) | Plate: HG_M3698
2025-07-30 14:28:13,092 | 🚗 CAR (0.91) | Plate: 55951
2025-07-30 14:28:38,394 | 🚗 CAR (0.74) | Plate: PERSCR
2025-07-30 14:32:15,816 | 🚗 CAR (0.92) | Plate: TICM
2025-07-30 14:32:16,131 | 🚗 CAR (0.92) | Plate: JID5IU
2025-07-30 14:32:16,302 | 🚗 CAR (0.90) | Plate: UCTOD
2025-07-30 14:32:16,475 | 🚗 CAR (0.93) | Plate: MICDU
2025-07-30 14:32:16,617 | 🚗 CAR (0.93) | Plate: LUOZIUD
2025-07-30 14:32:16,796 | 🚗 CAR (0.92) | Plate: EIQUEL
2025-07-30 14:32:16,991 | 🚗 CAR (0.89) | Plate: LUII
2025-07-30 14:32:17,119 | 🚗 CAR (0.88) | Plate: LNIL
2025-07-30 14:32:18,299 | 🚗 CAR (0.91) | Plate: MZZI
2025-07-30 14:32:19,075 | 🚗 CAR (0.87) | Plate: DIZHS
2025-07-30 14:32:19,224 | 🚗 CAR (0.88) | Plate: [RIZ
2025-07-30 14:32:19,365 | 🚗 CAR (0.86) | Plate: DILY
2025-07-30 14:32:19,548 | 🚗 CAR (0.87) | Plate: DIZLY
2025-07-30 14:32:20,197 | 🚗 CAR (0.87) | Plate: MTZ]
2025-07-30 14:32:20,841 | 🚗 CAR (0.82) | Plate: MAUD
2025-07-30 14:32:21,113 | 🚗 CAR (0.79) | Plate: MARUD
2025-07-30 14:32:22,173 | 🚗 CAR (0.63) | Plate: PERSCN
2025-07-30 14:32:22,453 | 🚗 CAR (0.55) | Plate: PATE
2025-07-30 14:32:22,576 | 🚗 CAR (0.60) | Plate: PEJER
2025-07-30 14:32:22,743 | 🚗 CAR (0.64) | Plate: DEIS
2025-07-30 14:32:23,343 | 🚗 CAR (0.52) | Plate: A8PX3
2025-07-30 14:32:23,506 | 🚗 CAR (0.60) | Plate: ERSO
2025-07-30 14:37:45,759 | 🚗 CAR (0.83) | Plate: ARUSCOS]
2025-07-30 14:37:46,023 | 🚗 CAR (0.58) | Plate: ARUVU)
2025-07-30 14:37:46,755 | 🚗 CAR (0.51) | Plate: APO9CR0799
2025-07-30 14:37:47,255 | 🚗 CAR (0.74) | Plate: APO9CR0799
2025-07-30 14:37:47,975 | 🚗 CAR (0.91) | Plate: APO9CR0799
2025-07-30 14:37:48,395 | 🚗 CAR (0.90) | Plate: APO9CR0799
2025-07-30 14:47:01,145 | 🚗 CAR (0.72) | Plate: APO9CR0799] 
2025-07-30 14:47:01,446 | 🚗 CAR (0.79) | Plate: APO9CRO799
2025-07-30 14:47:01,679 | 🚗 CAR (0.81) | Plate: APO9CR0799
2025-07-30 14:47:02,183 | 🚗 CAR (0.65) | Plate: APO9CRO799
2025-07-30 14:47:02,659 | 🚗 CAR (0.67) | Plate: APO9CR0799
2025-07-30 14:47:03,019 | 🚗 CAR (0.65) | Plate: APO9CR0Z99
2025-07-30 14:47:03,508 | 🚗 CAR (0.69) | Plate: APO9CRO799
2025-07-30 14:50:02,803 | 🚗 CAR (0.60) | Plate: TS08 JU0810]
2025-07-30 14:50:03,411 | 🚗 CAR (0.60) | Plate: 'TS08 _
2025-07-30 14:50:04,017 | 🚗 CAR (0.53) | Plate: TSO8 JUO810]
2025-07-30 14:50:04,392 | 🚗 CAR (0.55) | Plate: CRVST
2025-07-30 14:50:04,933 | 🚗 CAR (0.52) | Plate: TS08 JU08101
2025-07-30 14:53:27,621 | 🚗 CAR (0.62) | Plate: APO9CRO799
2025-07-30 14:53:27,934 | 🚗 CAR (0.86) | Plate: APO9CRO799
2025-07-30 14:53:28,135 | 🚗 CAR (0.72) | Plate: APO9CR0799
2025-07-30 14:53:28,453 | 🚗 CAR (0.51) | Plate: APO9CR0799
2025-07-30 14:53:28,580 | 🚗 CAR (0.65) | Plate: APO9CRO799
2025-07-30 14:53:28,717 | 🚗 CAR (0.68) | Plate: APO9CRO799 
2025-07-30 14:53:28,985 | 🚗 CAR (0.55) | Plate: APO9CR0799
2025-07-30 14:53:29,256 | 🚗 CAR (0.67) | Plate: APO9CRO799
2025-07-30 14:53:29,377 | 🚗 CAR (0.69) | Plate: APO9CR0799
2025-07-30 14:53:29,520 | 🚗 CAR (0.75) | Plate: APO9CRO799
2025-07-30 14:53:29,649 | 🚗 CAR (0.76) | Plate: APO9CR0799
2025-07-30 14:53:29,977 | 🚗 CAR (0.64) | Plate: APO9CRO799
2025-07-30 14:53:30,253 | 🚗 CAR (0.76) | Plate: APO9CR0799
2025-07-30 14:54:10,573 | 🚗 CAR (0.59) | Plate: AP 0947 3515]
2025-07-30 14:54:11,020 | 🚗 CAR (0.73) | Plate: AP 094Z,3515 _
2025-07-30 14:54:12,146 | 🚗 CAR (0.71) | Plate: AP 0942,3515
2025-07-30 14:54:12,577 | 🚗 CAR (0.60) | Plate: AP 09423515 
2025-07-30 14:54:13,008 | 🚗 CAR (0.79) | Plate: AP 0942,3515
2025-07-30 14:54:13,237 | 🚗 CAR (0.74) | Plate: AP 0942,3515
2025-07-30 14:54:13,465 | 🚗 CAR (0.72) | Plate: AP 0942,3515
2025-07-30 14:54:13,816 | 🚗 CAR (0.71) | Plate: AP 0942,3515
2025-07-30 14:54:14,136 | 🚗 CAR (0.80) | Plate: AP 0942,3515
2025-07-30 14:54:14,415 | 🚗 CAR (0.69) | Plate: AP 094Z 3515
2025-07-30 14:54:14,679 | 🚗 CAR (0.63) | Plate: AP 0942,3515
2025-07-30 14:54:14,954 | 🚗 CAR (0.57) | Plate: AP 0942,3515
2025-07-30 14:54:15,218 | 🚗 CAR (0.58) | Plate: AP 09423515
2025-07-30 14:55:21,070 | 🚗 CAR (0.67) | Plate: TG0Z |
2025-07-30 14:55:21,297 | 🚗 CAR (0.92) | Plate: 000717L20
2025-07-30 14:55:21,593 | 🚗 CAR (0.92) | Plate: 1G07
2025-07-30 14:55:21,875 | 🚗 CAR (0.90) | Plate: 7G0Z17L20)
2025-07-30 14:55:22,177 | 🚗 CAR (0.92) | Plate: 160Z17420
2025-07-30 14:55:22,537 | 🚗 CAR (0.91) | Plate: GOZI
2025-07-30 14:55:26,854 | 🚗 CAR (0.74) | Plate: TGOZIZLZO
2025-07-30 14:55:27,634 | 🚗 CAR (0.93) | Plate: GO7A0
2025-07-30 14:55:28,136 | 🚗 CAR (0.92) | Plate: TGOZ T
2025-07-30 14:55:28,603 | 🚗 CAR (0.92) | Plate: 7420
2025-07-30 14:55:28,964 | 🚗 CAR (0.91) | Plate: TG0Z T
2025-07-30 14:55:29,188 | 🚗 CAR (0.91) | Plate: 7420
2025-07-30 14:55:29,700 | 🚗 CAR (0.91) | Plate: 7420
2025-07-30 14:55:30,058 | 🚗 CAR (0.91) | Plate: TG0Z T
2025-07-30 14:55:30,266 | 🚗 CAR (0.92) | Plate: TGOZ T
2025-07-30 14:55:30,792 | 🚗 CAR (0.92) | Plate: 7420
2025-07-30 14:55:31,136 | 🚗 CAR (0.92) | Plate: 7420
2025-07-30 14:55:31,443 | 🚗 CAR (0.93) | Plate: 7420
2025-07-30 14:55:31,731 | 🚗 CAR (0.92) | Plate: 7420
2025-07-30 14:55:32,049 | 🚗 CAR (0.93) | Plate: 7420
2025-07-30 14:55:32,384 | 🚗 CAR (0.91) | Plate: TGOZ T
2025-07-30 14:55:32,720 | 🚗 CAR (0.94) | Plate: 7420
2025-07-30 14:55:33,106 | 🚗 CAR (0.93) | Plate: 7420
2025-07-30 14:55:33,402 | 🚗 CAR (0.92) | Plate: 7420
2025-07-30 14:55:33,816 | 🚗 CAR (0.91) | Plate: TG07 T 7420
2025-07-30 14:55:34,164 | 🚗 CAR (0.93) | Plate: T7L20
2025-07-30 14:55:34,547 | 🚗 CAR (0.94) | Plate: 7420
2025-07-30 14:55:34,877 | 🚗 CAR (0.93) | Plate: TG07 T7420
2025-07-30 14:55:35,230 | 🚗 CAR (0.92) | Plate: TG07 7420
2025-07-30 14:55:35,478 | 🚗 CAR (0.93) | Plate: 7GOZ T
2025-07-30 14:55:35,798 | 🚗 CAR (0.93) | Plate: TGOZ T
2025-07-30 14:55:36,180 | 🚗 CAR (0.93) | Plate: 7420
2025-07-30 14:55:36,667 | 🚗 CAR (0.92) | Plate: TG0Z T
2025-07-30 14:55:36,912 | 🚗 CAR (0.93) | Plate: 7420
2025-07-30 14:55:37,398 | 🚗 CAR (0.92) | Plate: 7420
2025-07-30 14:55:37,774 | 🚗 CAR (0.92) | Plate: 7420
2025-07-30 14:55:38,139 | 🚗 CAR (0.93) | Plate: TGOZI
2025-07-30 14:55:38,510 | 🚗 CAR (0.93) | Plate: 7420
2025-07-30 14:55:38,725 | 🚗 CAR (0.93) | Plate: 7420
2025-07-30 14:55:39,135 | 🚗 CAR (0.92) | Plate: 7420
2025-07-30 14:55:39,691 | 🚗 CAR (0.93) | Plate: 17420
2025-07-30 14:55:39,934 | 🚗 CAR (0.94) | Plate: 7 420
2025-07-30 14:55:40,337 | 🚗 CAR (0.94) | Plate: 7420
2025-07-30 14:55:40,665 | 🚗 CAR (0.93) | Plate: TGOZ T
2025-07-30 14:55:41,158 | 🚗 CAR (0.92) | Plate: 7420
2025-07-30 14:55:41,482 | 🚗 CAR (0.92) | Plate: TG07 [7420
2025-07-30 14:55:41,820 | 🚗 CAR (0.93) | Plate: 7420
2025-07-30 14:55:42,151 | 🚗 CAR (0.92) | Plate: 7420
2025-07-30 14:55:42,490 | 🚗 CAR (0.93) | Plate: 7420
2025-07-30 14:55:42,878 | 🚗 CAR (0.92) | Plate: 7420
2025-07-30 15:33:54,350 | 📸 TRUCK (0.83) | Plate: FOR_
2025-07-30 15:33:54,525 | 📸 TRUCK (0.83) | Plate: FOR_
2025-07-30 15:33:54,716 | 📸 TRUCK (0.82) | Plate: 'FOR
2025-07-30 15:33:54,884 | 📸 TRUCK (0.81) | Plate: 'FOR
2025-07-30 15:33:55,053 | 📸 TRUCK (0.81) | Plate: 'FOR
2025-07-30 15:33:55,221 | 📸 TRUCK (0.81) | Plate: 'FOR
2025-07-30 15:33:55,383 | 📸 TRUCK (0.80) | Plate: LRSD
2025-07-30 15:33:55,554 | 📸 TRUCK (0.82) | Plate: LRSD
2025-07-30 15:33:55,719 | 📸 TRUCK (0.81) | Plate: LRSD
2025-07-30 15:33:57,249 | 📸 TRUCK (0.80) | Plate: LERSIE
2025-07-30 15:33:57,424 | 📸 TRUCK (0.82) | Plate: LESI
2025-07-30 15:33:58,575 | 📸 TRUCK (0.83) | Plate: JICIE
2025-07-30 15:33:58,776 | 📸 TRUCK (0.86) | Plate: TEE2
2025-07-30 15:33:58,942 | 📸 TRUCK (0.85) | Plate: JSIE
2025-07-30 15:33:59,110 | 📸 TRUCK (0.84) | Plate: JSIE
2025-07-30 23:35:58,606 | 🚗 CAR (0.86) | Plate: IG 34 0301
2025-07-30 23:35:58,778 | 🚗 CAR (0.91) | Plate: 4G 24 0340
2025-07-30 23:35:59,063 | 🚗 CAR (0.84) | Plate: 1G 34 0340
2025-07-30 23:35:59,556 | 🚗 CAR (0.86) | Plate: IG 34 0340
2025-07-30 23:35:59,825 | 🚗 CAR (0.84) | Plate: 1G 34 03405
2025-07-30 23:36:00,059 | 🚗 CAR (0.88) | Plate: IG 34
2025-07-30 23:36:00,742 | 🚗 CAR (0.92) | Plate: IG 34
2025-07-30 23:36:01,297 | 🚗 CAR (0.80) | Plate: 16 24 03L0
2025-07-30 23:36:01,638 | 🚗 CAR (0.89) | Plate: [6 24 03L0
2025-07-30 23:36:02,183 | 🚗 CAR (0.87) | Plate: 1G 34 0340
2025-07-30 23:36:02,824 | 🚗 CAR (0.85) | Plate: 1G 24 03405
2025-07-30 23:36:03,104 | 🚗 CAR (0.78) | Plate: IG 24 0240
2025-07-30 23:36:03,428 | 🚗 CAR (0.84) | Plate: 16 34
2025-07-30 23:36:03,760 | 🚗 CAR (0.82) | Plate: "G,24 0340
2025-07-30 23:36:03,924 | 🚗 CAR (0.86) | Plate: 1G 24 0340N
2025-07-30 23:36:04,222 | 🚗 CAR (0.89) | Plate: 1G 24 0340
2025-07-30 23:36:04,479 | 🚗 CAR (0.87) | Plate: IG 1 014O
2025-07-30 23:36:05,032 | 🚗 CAR (0.88) | Plate: "1G 24 0340
2025-07-30 23:36:05,304 | 🚗 CAR (0.80) | Plate: IG 34
2025-07-30 23:36:05,761 | 🚗 CAR (0.89) | Plate: 1G 24 0240
2025-07-30 23:36:13,196 | 🚗 CAR (0.74) | Plate: WELDE
2025-07-30 23:36:13,498 | 🚗 CAR (0.87) | Plate: 08D.D
2025-07-30 23:36:13,809 | 🚗 CAR (0.91) | Plate: TG 34 0340
2025-07-30 23:36:13,955 | 🚗 CAR (0.88) | Plate: 8G 34 030
2025-07-30 23:36:14,229 | 🚗 CAR (0.88) | Plate: TG 34 0340
2025-07-30 23:36:14,483 | 🚗 CAR (0.88) | Plate: TG 34 0340
2025-07-30 23:36:14,614 | 🚗 CAR (0.87) | Plate: 1G,34 0340
2025-07-30 23:36:14,849 | 🚗 CAR (0.87) | Plate: TG 34 0340
2025-07-30 23:36:15,080 | 🚗 CAR (0.88) | Plate: IG 34 0340
2025-07-30 23:36:15,313 | 🚗 CAR (0.87) | Plate: TG 34 0340
2025-07-30 23:36:15,553 | 🚗 CAR (0.86) | Plate: TG 34 0340
2025-07-30 23:36:15,786 | 🚗 CAR (0.88) | Plate: IG 34 0340
2025-07-30 23:36:16,017 | 🚗 CAR (0.91) | Plate: 1G 34 03401
2025-07-30 23:36:16,249 | 🚗 CAR (0.85) | Plate: 1G 34 0340
2025-07-30 23:36:16,480 | 🚗 CAR (0.90) | Plate: 1G 34 0340 
2025-07-30 23:36:16,724 | 🚗 CAR (0.79) | Plate: 1G 34 0340
2025-07-30 23:36:16,950 | 🚗 CAR (0.82) | Plate: 1G 34 0340
2025-07-30 23:36:17,183 | 🚗 CAR (0.73) | Plate: 1G 34 0340
2025-07-30 23:36:17,421 | 🚗 CAR (0.88) | Plate: 1G 34 0340
2025-08-04 17:16:21,471 | 🚗 CAR (0.59) | Plate: TS08_
2025-08-04 17:16:22,906 | 🚗 CAR (0.62) | Plate: TS08JU0810
2025-08-04 17:16:23,140 | 🚗 CAR (0.53) | Plate: TS08JU0810
2025-08-04 17:16:28,805 | 🚗 CAR (0.74) | Plate: TS08JU08101
2025-08-04 17:16:29,345 | 🚗 CAR (0.63) | Plate: TS08JU0810
2025-08-04 17:16:30,229 | 🚗 CAR (0.57) | Plate: TSO8JU0810
2025-08-04 17:16:30,432 | 🚗 CAR (0.77) | Plate: TS08 JU0810]
2025-08-04 17:16:30,965 | 🚗 CAR (0.73) | Plate: TS08JU0810
2025-08-04 17:16:31,897 | 🚗 CAR (0.50) | Plate: TS08 JU0810]
2025-08-04 17:16:32,101 | 🚗 CAR (0.63) | Plate: TS08JU0810]
2025-08-04 17:16:32,645 | 🚗 CAR (0.82) | Plate: TS08JU08107
2025-08-04 17:16:33,193 | 🚗 CAR (0.82) | Plate: TS08JU08107
2025-08-04 17:24:14,510 | 🚗 CAR (0.70) | Plate: ETS08 JU0810
2025-08-04 17:24:15,257 | 🚗 CAR (0.70) | Plate: IS08JU08107
2025-08-04 17:24:15,914 | 🚗 CAR (0.83) | Plate: ETSO8 JU0810]
2025-08-04 17:24:16,589 | 🚗 CAR (0.66) | Plate: 'TS08JU0810
2025-08-04 17:24:17,244 | 🚗 CAR (0.75) | Plate: IS08JU0810
2025-08-04 17:24:24,159 | 🚗 CAR (0.80) | Plate: AP 094Z,3515
2025-08-04 17:24:24,793 | 🚗 CAR (0.86) | Plate: AP 094Z,3515
2025-08-04 17:24:25,420 | 🚗 CAR (0.88) | Plate: AP 0947 3515
2025-08-04 17:24:26,049 | 🚗 CAR (0.86) | Plate: AP 0942,3515
2025-08-04 17:24:26,705 | 🚗 CAR (0.88) | Plate: AP 094Z.3515
2025-08-04 17:24:27,371 | 🚗 CAR (0.83) | Plate: AP 09423515
2025-08-04 17:24:28,021 | 🚗 CAR (0.85) | Plate: AP094Z3515
2025-08-04 17:24:32,415 | 🚗 CAR (0.81) | Plate: AP 0942,3515
2025-08-04 17:24:33,064 | 🚗 CAR (0.90) | Plate: AP 0942,3515
2025-08-04 17:24:33,692 | 🚗 CAR (0.92) | Plate: AP 09423515
2025-08-04 17:24:34,320 | 🚗 CAR (0.90) | Plate: AP 094Z3515
2025-08-04 17:24:34,952 | 🚗 CAR (0.88) | Plate: AP 094Z3515
2025-08-04 17:24:38,268 | 🚗 CAR (0.88) | Plate: APOSCRO7S]
2025-08-04 17:24:38,933 | 🚗 CAR (0.92) | Plate: APO9CRO799 
2025-08-04 17:24:39,541 | 🚗 CAR (0.92) | Plate: APO9CR0799
2025-08-04 17:24:40,198 | 🚗 CAR (0.93) | Plate: APO9CRO799
2025-08-04 17:24:40,799 | 🚗 CAR (0.92) | Plate: APO9CRO799
2025-08-04 17:25:44,152 | 🚗 CAR (0.69) | Plate: APO9CRO799
2025-08-04 17:25:44,786 | 🚗 CAR (0.84) | Plate: APO9CR0799
2025-08-04 17:25:45,384 | 🚗 CAR (0.88) | Plate: APO9CR0799
2025-08-04 17:25:45,991 | 🚗 CAR (0.90) | Plate: APO9CR0799
2025-08-04 17:25:46,593 | 🚗 CAR (0.75) | Plate: APO9CR0799
2025-08-04 17:29:11,240 | 🚗 CAR (0.85) | Plate: APO9CRO799
2025-08-04 17:29:11,894 | 🚗 CAR (0.85) | Plate: APO9CR0799
2025-08-04 17:29:12,499 | 🚗 CAR (0.88) | Plate: APO9CR0799
2025-08-04 17:29:13,101 | 🚗 CAR (0.82) | Plate: APO9CR0799 
2025-08-04 17:29:13,718 | 🚗 CAR (0.83) | Plate: APO9CR0799
2025-08-04 17:29:22,898 | 📸 BUS (0.73) | Plate: GBLE 
2025-08-04 17:29:23,532 | 📸 BUS (0.69) | Plate: EBLUE GIED
2025-08-04 17:29:24,161 | 📸 BUS (0.84) | Plate: GBUD
2025-08-04 17:29:24,762 | 📸 BUS (0.79) | Plate: BBLE:
2025-08-04 17:29:25,410 | 📸 BUS (0.84) | Plate: EBLE
2025-08-04 17:29:25,985 | 📸 BUS (0.79) | Plate: EBLE
2025-08-04 17:29:26,543 | 📸 BUS (0.81) | Plate: OBLUE
2025-08-04 17:33:46,822 | 🚗 CAR (0.83) | Plate: TS08JU08
2025-08-04 17:33:48,026 | 🚗 CAR (0.75) | Plate: 'TS08JUO810]
2025-08-04 17:33:48,646 | 🚗 CAR (0.75) | Plate: ISO8JU0810
2025-08-04 17:33:49,286 | 🚗 CAR (0.70) | Plate: TS08JU0810]
2025-08-04 17:34:16,752 | 🚗 CAR (0.77) | Plate: AP09423515
2025-08-04 17:34:17,868 | 🚗 CAR (0.77) | Plate: AP0942.3515,
2025-08-04 17:34:18,454 | 🚗 CAR (0.78) | Plate: AP0942 3515}
2025-08-04 17:34:21,632 | 🚗 CAR (0.86) | Plate: APO9CR0799
2025-08-04 17:34:22,217 | 🚗 CAR (0.85) | Plate: APO9CRO799
2025-08-04 17:34:22,848 | 🚗 CAR (0.86) | Plate: APO9CRO799
2025-08-04 17:34:23,499 | 🚗 CAR (0.83) | Plate: APO9CR0799
2025-08-04 17:34:30,673 | 🚗 CAR (0.55) | Plate: 'TSOB JU0810
2025-08-04 17:34:31,348 | 🚗 CAR (0.51) | Plate: TS08
2025-08-04 17:34:32,029 | 🚗 CAR (0.76) | Plate: TS08JUOB -
2025-08-04 17:34:32,671 | 🚗 CAR (0.87) | Plate: TS08
2025-08-04 17:35:31,074 | 📸 BUS (0.52) | Plate: PERSON
2025-08-07 16:33:25,786 | 🚗 CAR (0.50) | Plate: PERSON 166_
2025-08-07 16:33:26,866 | 🚗 CAR (0.54) | Plate: PERSEN
2025-08-07 16:33:27,898 | 🚗 CAR (0.53) | Plate: PERSET
2025-08-07 16:33:46,087 | 🚗 CAR (0.54) | Plate: GSON
2025-08-21 17:01:36,792 | 🚗 CAR (0.59) | Plate: TS13EF5100
2025-08-21 17:01:36,937 | 🚗 CAR (0.69) | Plate: TS13EF5100
2025-08-21 17:01:37,326 | 🚗 CAR (0.80) | Plate: TS13EF5100
2025-08-21 17:01:37,731 | 🚗 CAR (0.84) | Plate: TS13EFS100
2025-08-21 17:01:38,106 | 🚗 CAR (0.82) | Plate: TS13EF5100}
2025-08-21 17:01:38,345 | 🚗 CAR (0.82) | Plate: TS13EF5100}
2025-08-21 17:01:38,496 | 🚗 CAR (0.82) | Plate: TS13EF51007
2025-08-21 17:01:38,785 | 🚗 CAR (0.78) | Plate: TS13EFSIOO
2025-08-21 17:01:39,263 | 🚗 CAR (0.83) | Plate: TSI3EF5100
2025-08-21 17:01:39,722 | 🚗 CAR (0.84) | Plate: TS13EF5100
2025-08-21 17:01:39,927 | 🚗 CAR (0.83) | Plate: TS13EF5100
2025-08-21 17:01:40,122 | 🚗 CAR (0.85) | Plate: 'TS13EF5100
2025-08-21 17:01:40,255 | 🚗 CAR (0.86) | Plate: TSIJEF5100;
2025-08-21 17:01:40,512 | 🚗 CAR (0.89) | Plate: TS1JEFS00
2025-08-21 17:01:40,871 | 🚗 CAR (0.86) | Plate: TS1JEFS100}
2025-08-21 17:01:41,235 | 🚗 CAR (0.82) | Plate: IS13EFS1OO
2025-08-21 17:01:41,555 | 🚗 CAR (0.76) | Plate: TSIJEF5100
2025-08-21 17:01:41,685 | 🚗 CAR (0.65) | Plate: TS13EFS100
2025-08-21 17:01:41,827 | 🚗 CAR (0.78) | Plate: TSIJEFSIOO
2025-08-21 17:01:41,962 | 🚗 CAR (0.74) | Plate: IS13EFS100
2025-08-21 17:01:42,095 | 🚗 CAR (0.81) | Plate: TS13EF51001
2025-08-21 17:01:42,232 | 🚗 CAR (0.78) | Plate: TS13EFS100}
2025-08-21 17:01:42,410 | 🚗 CAR (0.79) | Plate: TS13EF5100
2025-08-21 17:01:42,558 | 🚗 CAR (0.59) | Plate: TS13EF51OO
2025-08-21 17:01:42,690 | 🚗 CAR (0.66) | Plate: TSIEF5100}
2025-08-21 17:01:43,139 | 🚗 CAR (0.74) | Plate: TS13EF5100
2025-08-21 17:01:43,300 | 🚗 CAR (0.85) | Plate: IS13EFSI100}
2025-08-21 17:01:43,632 | 🚗 CAR (0.79) | Plate: TSIJEFSTOO
2025-08-21 17:01:48,304 | 🚗 CAR (0.89) | Plate: TOTT
2025-08-21 17:01:48,601 | 🚗 CAR (0.92) | Plate: T507 UH 
2025-08-21 17:01:49,182 | 🚗 CAR (0.89) | Plate: TS 07 UH
2025-08-21 17:01:49,637 | 🚗 CAR (0.90) | Plate: 1S07 UH 4196
2025-08-21 17:01:49,910 | 🚗 CAR (0.66) | Plate: 7507 UH 4196
2025-08-21 17:01:50,203 | 🚗 CAR (0.90) | Plate: TS07 UH 4196
2025-08-21 17:01:50,495 | 🚗 CAR (0.89) | Plate: TS07 UH 4196
2025-08-21 17:01:50,874 | 🚗 CAR (0.90) | Plate: TS07 UH 4196
2025-08-21 17:01:51,242 | 🚗 CAR (0.90) | Plate: UH 4196
2025-08-21 17:01:51,630 | 🚗 CAR (0.90) | Plate: TS07 UH 4196
2025-08-21 17:01:51,944 | 🚗 CAR (0.87) | Plate: TS 07 UH 4196
2025-08-21 17:01:52,471 | 🚗 CAR (0.89) | Plate: TS 07 UH 4196
2025-08-21 17:01:52,843 | 🚗 CAR (0.88) | Plate: TS 07 UH 4196
2025-08-21 17:01:53,273 | 🚗 CAR (0.93) | Plate: TS 07 UH 4196
2025-08-21 17:01:53,752 | 🚗 CAR (0.89) | Plate: TS 07 UH
2025-08-21 17:01:54,187 | 🚗 CAR (0.91) | Plate: TS07 UH 4196
2025-08-21 17:01:54,614 | 🚗 CAR (0.93) | Plate: TS 07 UH
2025-08-21 17:01:55,005 | 🚗 CAR (0.89) | Plate: TS 07 UH 4196
2025-08-21 17:01:55,404 | 🚗 CAR (0.92) | Plate: TS 07 UH 4196
2025-08-21 17:01:55,798 | 🚗 CAR (0.90) | Plate: TS07 UH 4196
2025-08-21 17:01:56,151 | 🚗 CAR (0.90) | Plate: TS 07 UH
2025-08-21 17:02:01,666 | 📸 TRUCK (0.65) | Plate: 160Z ]IIE
2025-08-21 17:02:02,107 | 📸 TRUCK (0.58) | Plate: TG0Z7 1113
2025-08-21 17:02:02,548 | 📸 TRUCK (0.58) | Plate: TG0211113
2025-08-21 17:02:02,976 | 📸 TRUCK (0.51) | Plate: TG 02 [1113
2025-08-21 17:02:04,147 | 📸 TRUCK (0.53) | Plate: 7G 02 11113
2025-08-21 17:02:04,798 | 📸 TRUCK (0.59) | Plate: 7G02 [4113
2025-08-21 17:03:49,476 | 🚗 CAR (0.67) | Plate: 01-07-2013
2025-08-21 17:03:49,625 | 🚗 CAR (0.55) | Plate: ERSON
2025-08-21 17:03:50,179 | 🚗 CAR (0.64) | Plate: 01-07-2013
2025-08-21 17:03:50,223 | 🚗 CAR (0.52) | Plate: 45LJO
2025-08-21 17:03:50,834 | 🚗 CAR (0.80) | Plate: 01-072013 MONL
2025-08-21 17:03:50,881 | 🚗 CAR (0.72) | Plate: PERSCL
2025-08-21 17:03:51,245 | 🚗 CAR (0.82) | Plate: 01-072013 MONL
2025-08-21 17:03:51,366 | 🚗 CAR (0.74) | Plate: PERSCR
2025-08-21 17:03:51,665 | 🚗 CAR (0.86) | Plate: 01-072013 MONL
2025-08-21 17:03:51,822 | 🚗 CAR (0.70) | Plate: RSON 0185
2025-08-21 17:03:52,205 | 🚗 CAR (0.86) | Plate: 01-07-2013
2025-08-21 17:03:52,238 | 🚗 CAR (0.70) | Plate: 0.86
2025-08-21 17:03:52,637 | 🚗 CAR (0.85) | Plate: 01-07-2013
2025-08-21 17:03:52,676 | 🚗 CAR (0.51) | Plate: 0.87
2025-08-21 17:03:53,070 | 🚗 CAR (0.81) | Plate: 01-07-2013
2025-08-21 17:03:53,466 | 🚗 CAR (0.77) | Plate: 01-072013 MONL
2025-08-21 17:03:53,837 | 🚗 CAR (0.74) | Plate: 01-07-2013
2025-08-21 17:03:54,225 | 🚗 CAR (0.67) | Plate: 01-07-2013
2025-08-21 17:03:54,628 | 🚗 CAR (0.73) | Plate: 01-0722013
2025-08-21 17:03:55,005 | 🚗 CAR (0.74) | Plate: 01-072013 MONL
2025-08-21 17:03:55,431 | 🚗 CAR (0.71) | Plate: 01-07-2013
2025-08-21 17:03:55,814 | 🚗 CAR (0.84) | Plate: 01-07-2013
2025-08-21 17:03:55,932 | 🚗 CAR (0.53) | Plate: 0.88
2025-08-21 17:03:56,307 | 🚗 CAR (0.64) | Plate: 01-072013 MONL
2025-08-21 17:03:56,840 | 🚗 CAR (0.67) | Plate: 01-07-2013
2025-08-21 17:03:57,230 | 🚗 CAR (0.76) | Plate: 01-07-2013
2025-08-21 17:03:57,612 | 🚗 CAR (0.75) | Plate: 01-07-2013
2025-08-21 17:03:57,999 | 🚗 CAR (0.79) | Plate: 01-07-2013
2025-08-21 17:03:58,472 | 🚗 CAR (0.63) | Plate: PERSON
2025-08-21 17:03:58,859 | 🚗 CAR (0.75) | Plate: 01-0722013
2025-08-21 17:03:58,904 | 🚗 CAR (0.59) | Plate: PERSON
2025-08-21 17:03:59,337 | 🚗 CAR (0.76) | Plate: 01-07-2013
2025-08-21 17:03:59,763 | 🚗 CAR (0.74) | Plate: 01-072013
2025-08-21 17:03:59,799 | 🚗 CAR (0.62) | Plate: PERSON
2025-08-21 17:04:00,269 | 🚗 CAR (0.71) | Plate: 01-0742013
2025-08-21 17:04:00,300 | 🚗 CAR (0.62) | Plate: DERSEN
2025-08-21 17:04:00,731 | 🚗 CAR (0.68) | Plate: 0342013
2025-08-21 17:04:00,767 | 🚗 CAR (0.60) | Plate: PERSCN
2025-08-21 17:04:01,195 | 🚗 CAR (0.85) | Plate: O10'-2013
2025-08-21 17:04:01,241 | 🚗 CAR (0.68) | Plate: ERSON
2025-08-21 17:04:01,659 | 🚗 CAR (0.83) | Plate: 0-2013
2025-08-21 17:04:02,136 | 🚗 CAR (0.75) | Plate: O10 _
2025-08-21 17:04:02,382 | 🚗 CAR (0.76) | Plate: 46 6O
2025-08-21 17:04:02,661 | 🚗 CAR (0.57) | Plate: 2013 HON
2025-08-21 17:04:02,838 | 🚗 CAR (0.77) | Plate: 46_JU
2025-08-21 17:04:03,102 | 🚗 CAR (0.73) | Plate: 014 -2013
2025-08-21 17:04:03,283 | 🚗 CAR (0.63) | Plate: A6_DU
2025-08-21 17:04:03,899 | 🚗 CAR (0.60) | Plate: 01407-2013
2025-08-21 17:04:03,940 | 🚗 CAR (0.59) | Plate: PERSON 0.87
2025-08-21 17:04:04,444 | 🚗 CAR (0.77) | Plate: 01-07-2043
2025-08-21 17:04:04,838 | 🚗 CAR (0.62) | Plate: 01-07-2013
2025-08-21 17:04:04,961 | 🚗 CAR (0.56) | Plate: ERSC
2025-08-21 17:04:05,312 | 🚗 CAR (0.70) | Plate: 0107-2017 HO
2025-08-21 17:04:05,651 | 🚗 CAR (0.76) | Plate: 46 :08
2025-08-21 17:04:05,923 | 🚗 CAR (0.70) | Plate: 0107-2013
2025-08-21 17:04:06,188 | 🚗 CAR (0.85) | Plate: 9:46 :08
2025-08-21 17:04:06,631 | 🚗 CAR (0.85) | Plate: :46:08
2025-08-21 17:04:06,868 | 🚗 CAR (0.58) | Plate: EDID
2025-08-21 17:04:07,066 | 🚗 CAR (0.89) | Plate: 19 : 46:08
2025-08-21 17:04:07,547 | 🚗 CAR (0.87) | Plate: 19:40.09
2025-08-21 17:04:07,872 | 🚗 CAR (0.92) | Plate: 19.46*05
2025-08-21 17:04:08,265 | 🚗 CAR (0.93) | Plate: 19:46:09
2025-08-21 17:04:08,669 | 🚗 CAR (0.92) | Plate: 19.46:10
2025-08-21 17:04:08,966 | 🚗 CAR (0.93) | Plate: 19.46: 10
2025-08-21 17:04:09,235 | 🚗 CAR (0.88) | Plate: 7546:10
2025-08-21 17:04:09,523 | 🚗 CAR (0.83) | Plate: JOL IC H8337
2025-08-21 17:04:09,805 | 🚗 CAR (0.75) | Plate: 2013
2025-08-21 17:04:10,060 | 🚗 CAR (0.57) | Plate: ~2013
2025-08-21 17:04:10,338 | 🚗 CAR (0.58) | Plate: 7-2013
2025-08-21 17:04:10,721 | 🚗 CAR (0.50) | Plate: FCOIJ
2025-08-21 17:04:11,249 | 🚗 CAR (0.55) | Plate: 07-2013 MON
2025-08-21 17:04:11,567 | 🚗 CAR (0.76) | Plate: 02-2013 MON
2025-08-21 17:04:11,889 | 🚗 CAR (0.86) | Plate: 0R2013
2025-08-21 17:04:12,214 | 🚗 CAR (0.86) | Plate: 07-2013 NON
2025-08-21 17:04:12,529 | 🚗 CAR (0.83) | Plate: 07-2013 HON
2025-08-21 17:04:12,851 | 🚗 CAR (0.83) | Plate: 02-2013 MON
2025-08-21 17:04:13,154 | 🚗 CAR (0.76) | Plate: 07-2013
2025-08-21 17:04:13,530 | 🚗 CAR (0.77) | Plate: 07-2013 MON
2025-08-21 17:04:13,847 | 🚗 CAR (0.73) | Plate: 07-2013 MON
2025-08-21 17:04:14,150 | 🚗 CAR (0.77) | Plate: 07-2013
2025-08-21 17:04:14,454 | 🚗 CAR (0.78) | Plate: 07-2013
2025-08-21 17:04:14,753 | 🚗 CAR (0.75) | Plate: 07-2013
2025-08-21 17:04:15,064 | 🚗 CAR (0.76) | Plate: 07-2013
2025-08-21 17:04:15,371 | 🚗 CAR (0.76) | Plate: 07-2013
2025-08-21 17:04:15,690 | 🚗 CAR (0.74) | Plate: 07-2013
2025-08-21 17:04:16,021 | 🚗 CAR (0.79) | Plate: 07-2013
2025-08-21 17:04:16,353 | 🚗 CAR (0.80) | Plate: 07-2013
2025-08-21 17:04:16,673 | 🚗 CAR (0.82) | Plate: 07-2013
2025-08-21 17:04:16,994 | 🚗 CAR (0.80) | Plate: 07-2013
2025-08-21 17:04:17,325 | 🚗 CAR (0.79) | Plate: 07-2013
2025-08-21 17:04:17,643 | 🚗 CAR (0.77) | Plate: 07-2013
2025-08-21 17:04:17,960 | 🚗 CAR (0.80) | Plate: 07-2013
2025-08-21 17:04:18,274 | 🚗 CAR (0.80) | Plate: 07-2013
2025-08-21 17:04:18,594 | 🚗 CAR (0.86) | Plate: 07-2013
2025-08-21 17:04:18,912 | 🚗 CAR (0.87) | Plate: 07-2013
2025-08-21 17:04:19,262 | 🚗 CAR (0.85) | Plate: 07-2013 MON
2025-08-21 17:04:19,590 | 🚗 CAR (0.83) | Plate: 07-2013
2025-08-21 17:04:19,912 | 🚗 CAR (0.84) | Plate: 07-2013 MON
2025-08-21 17:04:20,225 | 🚗 CAR (0.82) | Plate: 07-2013 MON
2025-08-21 17:04:20,546 | 🚗 CAR (0.75) | Plate: 07-2013
2025-08-21 17:04:20,855 | 🚗 CAR (0.78) | Plate: 07-2013 MON
2025-08-21 17:04:21,179 | 🚗 CAR (0.74) | Plate: 07-2013 MON
2025-08-21 17:04:21,489 | 🚗 CAR (0.75) | Plate: 07-2013 MON
2025-08-21 17:04:21,796 | 🚗 CAR (0.71) | Plate: 07-2013 MON
2025-08-21 17:04:22,093 | 🚗 CAR (0.67) | Plate: 07-2013 NON
2025-08-21 17:04:22,395 | 🚗 CAR (0.67) | Plate: 07-2013
2025-08-21 17:04:22,694 | 🚗 CAR (0.67) | Plate: 07-2013 NON
2025-08-21 17:04:22,993 | 🚗 CAR (0.67) | Plate: 07-2013 NON
2025-08-21 17:04:23,319 | 🚗 CAR (0.68) | Plate: 07-2013
2025-08-21 17:04:23,637 | 🚗 CAR (0.65) | Plate: 07-2013 MON
2025-08-21 17:04:23,944 | 🚗 CAR (0.64) | Plate: 07-2013 MON
2025-08-21 17:04:24,261 | 🚗 CAR (0.57) | Plate: 07-2013 MON
2025-08-21 17:04:24,580 | 🚗 CAR (0.55) | Plate: 07-2013 MON
2025-08-21 17:04:24,892 | 🚗 CAR (0.58) | Plate: TLUIJ
2025-08-21 17:04:25,215 | 🚗 CAR (0.55) | Plate: C01J
2025-08-21 17:04:25,545 | 🚗 CAR (0.70) | Plate: CD1D
2025-08-21 17:04:26,087 | 🚗 CAR (0.64) | Plate: 'DLIC H8337/
2025-08-21 17:04:26,619 | 🚗 CAR (0.70) | Plate: 9 46:23
2025-08-21 17:04:26,842 | 🚗 CAR (0.70) | Plate: 9:46:26
2025-08-21 17:04:26,937 | 🚗 CAR (0.72) | Plate: 76:26
2025-08-21 17:04:27,027 | 🚗 CAR (0.83) | Plate: 40.26
2025-08-21 17:04:27,129 | 🚗 CAR (0.92) | Plate: 19.46RC0
2025-08-21 17:04:27,554 | 🚗 CAR (0.95) | Plate: 19.46.27
2025-08-21 17:04:27,655 | 🚗 CAR (0.94) | Plate: 19.46322
2025-08-21 17:04:28,087 | 🚗 CAR (0.88) | Plate: 19:46:27
2025-08-21 17:04:28,560 | 🚗 CAR (0.84) | Plate: 19:46:27
2025-08-21 17:04:28,795 | 🚗 CAR (0.84) | Plate: 19:46:28
2025-08-21 17:04:29,036 | 🚗 CAR (0.76) | Plate: 19.46 :28
2025-08-21 17:04:29,286 | 🚗 CAR (0.79) | Plate: 19:46 :28
2025-08-21 17:04:29,561 | 🚗 CAR (0.76) | Plate: 19:46:29
2025-08-21 17:04:29,839 | 🚗 CAR (0.68) | Plate: MOUN75.46:29
2025-08-21 17:04:30,098 | 🚗 CAR (0.73) | Plate: 746:29
2025-08-21 17:04:30,364 | 🚗 CAR (0.72) | Plate: 2013
2025-08-21 17:04:30,644 | 🚗 CAR (0.68) | Plate: 2013
2025-08-21 17:04:30,946 | 🚗 CAR (0.56) | Plate: 7-2013
2025-08-21 17:04:31,269 | 🚗 CAR (0.67) | Plate: -2013
2025-08-21 17:04:31,578 | 🚗 CAR (0.74) | Plate: 7-2013
2025-08-21 17:04:31,883 | 🚗 CAR (0.83) | Plate: 17-2013
2025-08-21 17:04:32,186 | 🚗 CAR (0.84) | Plate: 77-2013
2025-08-21 17:04:32,489 | 🚗 CAR (0.86) | Plate: 77-2013
2025-08-21 17:04:32,779 | 🚗 CAR (0.85) | Plate: 77-2013
2025-08-21 17:04:33,074 | 🚗 CAR (0.84) | Plate: 17-2013
2025-08-21 17:04:33,360 | 🚗 CAR (0.85) | Plate: 7-2013
2025-08-21 17:04:33,663 | 🚗 CAR (0.83) | Plate: 7-2013
2025-08-21 17:04:33,947 | 🚗 CAR (0.82) | Plate: 7-2013
2025-08-21 17:04:34,245 | 🚗 CAR (0.83) | Plate: 7-2013
2025-08-21 17:04:34,531 | 🚗 CAR (0.84) | Plate: -2013
2025-08-21 17:04:34,817 | 🚗 CAR (0.85) | Plate: 1-2013
2025-08-21 17:04:35,282 | 🚗 CAR (0.84) | Plate: 1-2013
2025-08-21 17:04:35,557 | 🚗 CAR (0.86) | Plate: 7-2013
2025-08-21 17:04:35,831 | 🚗 CAR (0.86) | Plate: 7-2013
2025-08-21 17:04:36,107 | 🚗 CAR (0.86) | Plate: 7-2013
2025-08-21 17:04:36,383 | 🚗 CAR (0.86) | Plate: 1-2013
2025-08-21 17:04:36,822 | 🚗 CAR (0.86) | Plate: 7-2013
2025-08-21 17:04:37,198 | 🚗 CAR (0.73) | Plate: 7-2013
2025-08-21 17:04:37,519 | 🚗 CAR (0.66) | Plate: 2013
2025-08-21 17:04:37,794 | 🚗 CAR (0.83) | Plate: 17-2013 MON
2025-08-21 17:04:38,107 | 🚗 CAR (0.76) | Plate: 1-2013
2025-08-21 17:04:38,448 | 🚗 CAR (0.74) | Plate: 17-2013 MON 19:46 .36
2025-08-21 17:04:38,741 | 🚗 CAR (0.74) | Plate: 1-2013
2025-08-21 17:04:39,024 | 🚗 CAR (0.79) | Plate: 1-2013
2025-08-21 17:04:39,303 | 🚗 CAR (0.82) | Plate: 77-2013
2025-08-21 17:04:39,574 | 🚗 CAR (0.81) | Plate: 77-2013
2025-08-21 17:04:39,874 | 🚗 CAR (0.80) | Plate: 7-2013
2025-08-21 17:04:40,152 | 🚗 CAR (0.81) | Plate: 7-2013
2025-08-21 17:04:40,424 | 🚗 CAR (0.82) | Plate: 17-2013 FON
2025-08-21 17:04:40,703 | 🚗 CAR (0.81) | Plate: 17-2013 FON
2025-08-21 17:04:40,983 | 🚗 CAR (0.82) | Plate: 17-2013 FON
2025-08-21 17:04:41,256 | 🚗 CAR (0.79) | Plate: 7-2013
2025-08-21 17:04:41,535 | 🚗 CAR (0.79) | Plate: 7-2013
2025-08-21 17:04:41,810 | 🚗 CAR (0.79) | Plate: 7-2013
2025-08-21 17:04:42,095 | 🚗 CAR (0.84) | Plate: 7-2013
2025-08-21 17:04:42,377 | 🚗 CAR (0.84) | Plate: 77-2013 MON
2025-08-21 17:04:42,715 | 🚗 CAR (0.85) | Plate: 7-2013
2025-08-21 17:04:43,029 | 🚗 CAR (0.84) | Plate: 77-2013
2025-08-21 17:04:43,339 | 🚗 CAR (0.85) | Plate: 7-2013
2025-08-21 17:04:43,651 | 🚗 CAR (0.84) | Plate: 7-2013
2025-08-21 17:04:43,963 | 🚗 CAR (0.83) | Plate: 7-2013
2025-08-21 17:04:44,260 | 🚗 CAR (0.82) | Plate: 7-2013
2025-08-21 17:04:44,820 | 🚗 CAR (0.81) | Plate: 7-2013
2025-08-21 17:04:45,119 | 🚗 CAR (0.83) | Plate: 7-2013
2025-08-21 17:04:45,652 | 🚗 CAR (0.83) | Plate: 4-2013
2025-08-21 17:04:45,958 | 🚗 CAR (0.83) | Plate: 7-2013
2025-08-21 17:04:46,270 | 🚗 CAR (0.83) | Plate: 7-2013
2025-08-21 17:04:46,588 | 🚗 CAR (0.81) | Plate: 7-2013
2025-08-21 17:04:46,878 | 🚗 CAR (0.79) | Plate: 7-2013 MON
2025-08-21 17:04:47,170 | 🚗 CAR (0.81) | Plate: 7-2013 MON
2025-08-21 17:04:47,465 | 🚗 CAR (0.83) | Plate: 17-2013
2025-08-21 17:04:47,753 | 🚗 CAR (0.84) | Plate: 2013
2025-08-21 17:04:48,057 | 🚗 CAR (0.85) | Plate: 7-2013
2025-08-21 17:04:48,348 | 🚗 CAR (0.83) | Plate: 7-2013
2025-08-21 17:04:48,638 | 🚗 CAR (0.85) | Plate: 17-2013
2025-08-21 17:04:48,930 | 🚗 CAR (0.86) | Plate: 17-2013 MON
2025-08-21 17:04:49,223 | 🚗 CAR (0.85) | Plate: 17 2013 MON
2025-08-21 17:04:49,518 | 🚗 CAR (0.84) | Plate: 7 2013
2025-08-21 17:04:49,812 | 🚗 CAR (0.84) | Plate: 17-2013
2025-08-21 17:04:50,108 | 🚗 CAR (0.86) | Plate: )?-2013 MON
2025-08-21 17:04:50,393 | 🚗 CAR (0.88) | Plate: )7-2013 MON
2025-08-21 17:04:50,687 | 🚗 CAR (0.86) | Plate: 7-2013 MON
2025-08-21 17:04:51,168 | 🚗 CAR (0.80) | Plate: 07-2013
2025-08-21 17:04:51,690 | 🚗 CAR (0.84) | Plate: 07-2013
2025-08-21 17:04:52,275 | 🚗 CAR (0.78) | Plate: 07-2013
2025-08-21 17:04:52,631 | 🚗 CAR (0.87) | Plate: L01J
2025-08-21 17:04:54,269 | 🚗 CAR (0.92) | Plate: 46:50
2025-08-21 17:04:54,384 | 🚗 CAR (0.86) | Plate: 9:46.51
2025-08-21 17:04:54,500 | 🚗 CAR (0.86) | Plate: 19:46.51
2025-08-21 17:04:54,637 | 🚗 CAR (0.92) | Plate: 19:46.51
2025-08-21 17:04:54,786 | 🚗 CAR (0.89) | Plate: 19:46:51
2025-08-21 17:04:54,946 | 🚗 CAR (0.85) | Plate: 19:46:52
2025-08-21 17:04:55,329 | 🚗 CAR (0.89) | Plate: 19:46:52
2025-08-21 17:04:55,544 | 🚗 CAR (0.85) | Plate: NON 9F46:54
2025-08-21 17:04:55,952 | 🚗 CAR (0.84) | Plate: 113 MO
2025-08-21 17:04:56,210 | 🚗 CAR (0.76) | Plate: 19,07
2025-08-21 17:04:56,745 | 🚗 CAR (0.75) | Plate: 2013
2025-08-21 17:04:57,074 | 🚗 CAR (0.71) | Plate: 2013
2025-08-21 17:04:57,369 | 🚗 CAR (0.66) | Plate: 2013
2025-08-21 17:04:57,653 | 🚗 CAR (0.73) | Plate: 2013
2025-08-21 17:04:57,940 | 🚗 CAR (0.72) | Plate: 2013
2025-08-21 17:04:58,223 | 🚗 CAR (0.74) | Plate: 2013
2025-08-21 17:04:58,494 | 🚗 CAR (0.71) | Plate: 2013
2025-08-21 17:04:58,764 | 🚗 CAR (0.75) | Plate: 2013
2025-08-21 17:04:59,070 | 🚗 CAR (0.77) | Plate: 2013
2025-08-21 17:04:59,358 | 🚗 CAR (0.80) | Plate: 2013
2025-08-21 17:04:59,639 | 🚗 CAR (0.81) | Plate: 2013
2025-08-21 17:04:59,937 | 🚗 CAR (0.78) | Plate: 2013
2025-08-21 17:05:00,221 | 🚗 CAR (0.78) | Plate: 2013
2025-08-21 17:05:00,528 | 🚗 CAR (0.83) | Plate: 2013
2025-08-21 17:05:00,806 | 🚗 CAR (0.81) | Plate: 2013
2025-08-21 17:05:01,084 | 🚗 CAR (0.80) | Plate: 2013
2025-08-21 17:05:01,372 | 🚗 CAR (0.81) | Plate: 2013
2025-08-21 17:05:01,653 | 🚗 CAR (0.83) | Plate: 2013
2025-08-21 17:05:01,942 | 🚗 CAR (0.82) | Plate: 2013
2025-08-21 17:05:02,226 | 🚗 CAR (0.83) | Plate: 2013
2025-08-21 17:05:02,507 | 🚗 CAR (0.82) | Plate: 2013
2025-08-21 17:05:02,783 | 🚗 CAR (0.81) | Plate: 2013
2025-08-21 17:05:03,063 | 🚗 CAR (0.82) | Plate: 2013
2025-08-21 17:05:03,340 | 🚗 CAR (0.76) | Plate: 2013
2025-08-21 17:05:03,621 | 🚗 CAR (0.82) | Plate: 2013
2025-08-21 17:05:03,900 | 🚗 CAR (0.82) | Plate: 2013
2025-08-21 17:05:04,234 | 🚗 CAR (0.82) | Plate: 2013
2025-08-21 17:05:04,539 | 🚗 CAR (0.82) | Plate: 2013
2025-08-21 17:05:04,830 | 🚗 CAR (0.82) | Plate: 2013
2025-08-21 17:05:05,120 | 🚗 CAR (0.81) | Plate: 2013
2025-08-21 17:05:05,411 | 🚗 CAR (0.78) | Plate: 2013
2025-08-21 17:05:05,704 | 🚗 CAR (0.78) | Plate: 2013
2025-08-21 17:05:06,006 | 🚗 CAR (0.71) | Plate: 2013
2025-08-21 17:05:06,299 | 🚗 CAR (0.69) | Plate: 2013
2025-08-21 17:05:06,590 | 🚗 CAR (0.69) | Plate: 2013
2025-08-21 17:05:06,890 | 🚗 CAR (0.76) | Plate: 2013
2025-08-21 17:05:07,180 | 🚗 CAR (0.78) | Plate: 2013
2025-08-21 17:05:07,475 | 🚗 CAR (0.78) | Plate: 2013
2025-08-21 17:05:07,771 | 🚗 CAR (0.78) | Plate: 2013
2025-08-21 17:05:08,057 | 🚗 CAR (0.77) | Plate: 2013
2025-08-21 17:05:08,357 | 🚗 CAR (0.78) | Plate: 2013
2025-08-21 17:05:08,666 | 🚗 CAR (0.76) | Plate: 2013
2025-08-21 17:05:08,972 | 🚗 CAR (0.71) | Plate: 2013
2025-08-21 17:05:09,258 | 🚗 CAR (0.78) | Plate: 2013
2025-08-21 17:05:09,555 | 🚗 CAR (0.76) | Plate: 2013
2025-08-21 17:05:09,842 | 🚗 CAR (0.77) | Plate: 2013
2025-08-21 17:05:10,128 | 🚗 CAR (0.77) | Plate: 2013
2025-08-21 17:05:10,421 | 🚗 CAR (0.72) | Plate: 2013
2025-08-21 17:05:10,713 | 🚗 CAR (0.72) | Plate: 2013
2025-08-21 17:05:11,008 | 🚗 CAR (0.72) | Plate: 2013
2025-08-21 17:05:11,303 | 🚗 CAR (0.78) | Plate: 2013
2025-08-21 17:05:11,600 | 🚗 CAR (0.77) | Plate: 2013
2025-08-21 17:05:11,892 | 🚗 CAR (0.80) | Plate: 2013
2025-08-21 17:05:12,187 | 🚗 CAR (0.80) | Plate: 2013
2025-08-21 17:05:12,487 | 🚗 CAR (0.78) | Plate: 2013
2025-08-21 17:05:12,773 | 🚗 CAR (0.78) | Plate: 2013
2025-08-21 17:05:13,066 | 🚗 CAR (0.75) | Plate: 2013
2025-08-21 17:05:13,359 | 🚗 CAR (0.75) | Plate: 2013
2025-08-21 17:05:13,652 | 🚗 CAR (0.77) | Plate: 2013
2025-08-21 17:05:13,938 | 🚗 CAR (0.77) | Plate: 2013
2025-08-21 17:05:14,232 | 🚗 CAR (0.77) | Plate: 2013
2025-08-21 17:05:14,524 | 🚗 CAR (0.77) | Plate: 2013
2025-08-21 17:05:14,823 | 🚗 CAR (0.81) | Plate: 2013
2025-08-21 17:05:15,109 | 🚗 CAR (0.81) | Plate: 2013
2025-08-21 17:05:15,406 | 🚗 CAR (0.76) | Plate: 2013
2025-08-21 17:05:15,699 | 🚗 CAR (0.81) | Plate: 2013
2025-08-21 17:05:16,005 | 🚗 CAR (0.81) | Plate: 2013
2025-08-21 17:05:16,308 | 🚗 CAR (0.80) | Plate: 2013
2025-08-21 17:05:16,617 | 🚗 CAR (0.79) | Plate: 2013
2025-08-21 17:05:16,921 | 🚗 CAR (0.79) | Plate: 2013
2025-08-21 17:05:17,227 | 🚗 CAR (0.80) | Plate: 2013
2025-08-21 17:05:17,535 | 🚗 CAR (0.81) | Plate: 2013
2025-08-21 17:05:17,828 | 🚗 CAR (0.77) | Plate: 2013
2025-08-21 17:05:18,128 | 🚗 CAR (0.77) | Plate: 7-2013
2025-08-21 17:05:18,422 | 🚗 CAR (0.80) | Plate: 2013
2025-08-21 17:05:18,717 | 🚗 CAR (0.78) | Plate: 2013
2025-08-21 17:05:19,000 | 🚗 CAR (0.79) | Plate: 2013
2025-08-21 17:05:19,299 | 🚗 CAR (0.79) | Plate: 7-2013
2025-08-21 17:05:19,586 | 🚗 CAR (0.80) | Plate: 7-2013
2025-08-21 17:05:19,876 | 🚗 CAR (0.80) | Plate: 2013
2025-08-21 17:05:20,169 | 🚗 CAR (0.78) | Plate: 7-2013
2025-08-21 17:05:20,465 | 🚗 CAR (0.79) | Plate: 2013
2025-08-21 17:05:20,758 | 🚗 CAR (0.78) | Plate: 7-2013
2025-08-21 17:05:21,054 | 🚗 CAR (0.78) | Plate: 7-2013
2025-08-21 17:05:21,351 | 🚗 CAR (0.82) | Plate: 7-2013
2025-08-21 17:05:21,648 | 🚗 CAR (0.77) | Plate: 7-2013
2025-08-21 17:05:21,945 | 🚗 CAR (0.72) | Plate: 7-2013
2025-08-21 17:05:22,245 | 🚗 CAR (0.76) | Plate: 7-2013
2025-08-21 17:05:22,540 | 🚗 CAR (0.74) | Plate: 7-2013
2025-08-21 17:05:22,861 | 🚗 CAR (0.72) | Plate: ~2013
2025-08-21 17:05:23,158 | 🚗 CAR (0.75) | Plate: 7-2013
2025-08-21 17:05:23,445 | 🚗 CAR (0.79) | Plate: 7-2013
2025-08-21 17:05:23,742 | 🚗 CAR (0.78) | Plate: 7-2013
2025-08-21 17:05:24,035 | 🚗 CAR (0.79) | Plate: 7-2013
2025-08-21 17:05:24,326 | 🚗 CAR (0.75) | Plate: 7-2013
2025-08-21 17:05:24,625 | 🚗 CAR (0.82) | Plate: 7-2013
2025-08-21 17:05:24,913 | 🚗 CAR (0.83) | Plate: 7-2013
2025-08-21 17:05:25,201 | 🚗 CAR (0.85) | Plate: 7-2013
2025-08-21 17:05:25,490 | 🚗 CAR (0.82) | Plate: 7-2013
2025-08-21 17:05:25,911 | 🚗 CAR (0.71) | Plate: 7-2013
2025-08-21 17:05:26,228 | 🚗 CAR (0.64) | Plate: 1?-2013
2025-08-21 17:05:26,707 | 🚗 CAR (0.68) | Plate: 07-2013
2025-08-21 17:05:27,268 | 🚗 CAR (0.77) | Plate: ~07-2013
2025-08-21 17:05:28,052 | 📸 TRUCK (0.55) | Plate: 01-07-2013
2025-08-21 17:05:28,439 | 🚗 CAR (0.62) | Plate: 01-07-2013
2025-08-21 17:05:28,816 | 🚗 CAR (0.62) | Plate: 01-07-2013 MON
2025-08-21 17:05:29,029 | 🚗 CAR (0.88) | Plate: NC19.47.7
2025-08-21 17:05:29,399 | 🚗 CAR (0.92) | Plate: H19:47.22
2025-08-21 17:05:29,537 | 🚗 CAR (0.95) | Plate: 19.47:22
2025-08-21 17:05:30,038 | 🚗 CAR (0.87) | Plate: MOV/ 19:47:22
2025-08-21 17:05:30,544 | 🚗 CAR (0.88) | Plate: 19.47:23
2025-08-21 17:05:30,722 | 🚗 CAR (0.85) | Plate: 19F47:23
2025-08-21 17:05:31,107 | 🚗 CAR (0.89) | Plate: 13 MOR
2025-08-21 17:05:31,515 | 🚗 CAR (0.79) | Plate: J6FGS
2025-08-21 17:05:31,993 | 🚗 CAR (0.90) | Plate: 2013
2025-08-21 17:05:32,514 | 🚗 CAR (0.91) | Plate: 2013
2025-08-21 17:05:32,964 | 🚗 CAR (0.72) | Plate: 07-2013
2025-08-21 17:05:33,431 | 🚗 CAR (0.77) | Plate: 07-2013
2025-08-21 17:05:33,943 | 🚗 CAR (0.75) | Plate: 07*2013
2025-08-21 17:05:34,519 | 🚗 CAR (0.81) | Plate: 07 2013
2025-08-21 17:05:35,216 | 🚗 CAR (0.89) | Plate: 7WUIJ
2025-08-21 17:05:35,991 | 🚗 CAR (0.65) | Plate: 1-07-2013
2025-08-21 17:05:36,375 | 🚗 CAR (0.60) | Plate: 1_07-2013 MON
2025-08-21 17:05:36,703 | 🚗 CAR (0.81) | Plate: 7~CU1J
2025-08-21 17:05:37,058 | 🚗 CAR (0.74) | Plate: 20722013 MOM
2025-08-21 17:05:37,393 | 🚗 CAR (0.85) | Plate: 207 2013 NOM
2025-08-21 17:05:37,739 | 🚗 CAR (0.85) | Plate: 1207-2013
2025-08-21 17:05:38,128 | 🚗 CAR (0.80) | Plate: 1-07-2013 MON
2025-08-21 17:05:38,479 | 🚗 CAR (0.83) | Plate: 1-07-2013 MON
2025-08-21 17:05:38,834 | 🚗 CAR (0.82) | Plate: 1207-2013
2025-08-21 17:05:39,453 | 🚗 CAR (0.58) | Plate: 07-2013 MON
2025-08-21 17:05:39,782 | 🚗 CAR (0.61) | Plate: 1_07-2013 MON
2025-08-21 17:05:40,135 | 🚗 CAR (0.59) | Plate: _07-2013
2025-08-21 17:05:40,514 | 🚗 CAR (0.70) | Plate: 07-2013 MON
2025-08-21 17:05:40,914 | 🚗 CAR (0.54) | Plate: 07-2013
2025-08-21 17:05:41,574 | 🚗 CAR (0.54) | Plate: 07-2013
2025-08-21 17:05:41,904 | 🚗 CAR (0.63) | Plate: 07-2013 MON
2025-08-21 17:05:42,256 | 🚗 CAR (0.71) | Plate: 07-2013
2025-08-21 17:05:42,629 | 🚗 CAR (0.66) | Plate: 07-2013 MON 19:47,30
2025-08-21 17:05:42,972 | 🚗 CAR (0.62) | Plate: 07-2013
2025-08-21 17:05:43,308 | 🚗 CAR (0.77) | Plate: 07-2013
2025-08-21 17:05:43,679 | 🚗 CAR (0.78) | Plate: -07-2013
2025-08-21 17:05:44,031 | 🚗 CAR (0.82) | Plate: =07-2013
2025-08-21 17:05:44,386 | 🚗 CAR (0.74) | Plate: -07-2013
2025-08-21 17:05:44,742 | 🚗 CAR (0.74) | Plate: L0?-2013
2025-08-21 17:05:45,085 | 🚗 CAR (0.74) | Plate: [07-2013
2025-08-21 17:05:45,438 | 🚗 CAR (0.72) | Plate: C0?-2013
2025-08-21 17:05:45,804 | 🚗 CAR (0.78) | Plate: L"1D
2025-08-21 17:05:46,150 | 🚗 CAR (0.84) | Plate: L*1D
2025-08-21 17:05:47,903 | 🚗 CAR (0.55) | Plate: 19:48;02
2025-08-21 17:05:48,021 | 🚗 CAR (0.85) | Plate: 19.48 02
2025-08-21 17:05:48,114 | 🚗 CAR (0.86) | Plate: 19.48803
2025-08-21 17:05:48,636 | 🚗 CAR (0.87) | Plate: 19:48:03
2025-08-21 17:05:49,087 | 🚗 CAR (0.89) | Plate: 19.48:03
2025-08-21 17:05:49,182 | 🚗 CAR (0.92) | Plate: 19.48:03
2025-08-21 17:05:49,607 | 🚗 CAR (0.92) | Plate: 49.48:04
2025-08-21 17:05:49,713 | 🚗 CAR (0.90) | Plate: L19.48.04
2025-08-21 17:05:49,814 | 🚗 CAR (0.93) | Plate: 19.48*04
2025-08-21 17:05:50,289 | 🚗 CAR (0.93) | Plate: 19:48:04
2025-08-21 17:05:50,417 | 🚗 CAR (0.94) | Plate: 1948:05
2025-08-21 17:05:51,210 | 🚗 CAR (0.95) | Plate: 19:48:05
2025-08-21 17:07:19,749 | 🚗 CAR (0.67) | Plate: 01-07-2013
2025-08-21 17:07:19,902 | 🚗 CAR (0.55) | Plate: ERSON
2025-08-21 17:07:20,430 | 🚗 CAR (0.64) | Plate: 01-07-2013
2025-08-21 17:07:20,466 | 🚗 CAR (0.52) | Plate: 45LJO
2025-08-21 17:07:20,925 | 🚗 CAR (0.80) | Plate: 01-072013 MONL
2025-08-21 17:07:20,972 | 🚗 CAR (0.72) | Plate: PERSCL
2025-08-21 17:07:21,349 | 🚗 CAR (0.82) | Plate: 01-072013 MONL
2025-08-21 17:07:21,470 | 🚗 CAR (0.74) | Plate: PERSCR
2025-08-21 17:07:21,759 | 🚗 CAR (0.86) | Plate: 01-072013 MONL
2025-08-21 17:07:21,916 | 🚗 CAR (0.70) | Plate: RSON 0185
2025-08-21 17:07:22,304 | 🚗 CAR (0.86) | Plate: 01-07-2013
2025-08-21 17:07:22,337 | 🚗 CAR (0.70) | Plate: 0.86
2025-08-21 17:07:22,737 | 🚗 CAR (0.85) | Plate: 01-07-2013
2025-08-21 17:07:22,778 | 🚗 CAR (0.51) | Plate: 0.87
2025-08-21 17:07:23,172 | 🚗 CAR (0.81) | Plate: 01-07-2013
2025-08-21 17:07:23,553 | 🚗 CAR (0.77) | Plate: 01-072013 MONL
2025-08-21 17:07:23,932 | 🚗 CAR (0.74) | Plate: 01-07-2013
2025-08-21 17:07:24,312 | 🚗 CAR (0.67) | Plate: 01-07-2013
2025-08-21 17:07:24,748 | 🚗 CAR (0.73) | Plate: 01-0722013
2025-08-21 17:07:25,146 | 🚗 CAR (0.74) | Plate: 01-072013 MONL
2025-08-21 17:07:25,585 | 🚗 CAR (0.71) | Plate: 01-07-2013
2025-08-21 17:07:25,954 | 🚗 CAR (0.84) | Plate: 01-07-2013
2025-08-21 17:07:26,084 | 🚗 CAR (0.53) | Plate: 0.88
2025-08-21 17:07:26,476 | 🚗 CAR (0.64) | Plate: 01-072013 MONL
2025-08-21 17:07:27,025 | 🚗 CAR (0.67) | Plate: 01-07-2013
2025-08-21 17:07:27,403 | 🚗 CAR (0.76) | Plate: 01-07-2013
2025-08-21 17:07:27,785 | 🚗 CAR (0.75) | Plate: 01-07-2013
2025-08-21 17:07:28,189 | 🚗 CAR (0.79) | Plate: 01-07-2013
2025-08-21 17:07:28,362 | 🚗 CAR (0.63) | Plate: PERSON
2025-08-21 17:07:28,773 | 🚗 CAR (0.75) | Plate: 01-0722013
2025-08-21 17:07:28,820 | 🚗 CAR (0.59) | Plate: PERSON
2025-08-21 17:07:29,221 | 🚗 CAR (0.76) | Plate: 01-07-2013
2025-08-21 17:07:29,645 | 🚗 CAR (0.74) | Plate: 01-072013
2025-08-21 17:07:29,681 | 🚗 CAR (0.62) | Plate: PERSON
2025-08-21 17:07:30,138 | 🚗 CAR (0.71) | Plate: 01-0742013
2025-08-21 17:07:30,171 | 🚗 CAR (0.62) | Plate: DERSEN
2025-08-21 17:07:30,606 | 🚗 CAR (0.68) | Plate: 0342013
2025-08-21 17:07:30,642 | 🚗 CAR (0.60) | Plate: PERSCN
2025-08-21 17:07:31,056 | 🚗 CAR (0.85) | Plate: O10'-2013
2025-08-21 17:07:31,104 | 🚗 CAR (0.68) | Plate: ERSON
2025-08-21 17:07:31,530 | 🚗 CAR (0.83) | Plate: 0-2013
2025-08-21 17:07:32,000 | 🚗 CAR (0.75) | Plate: O10 _
2025-08-21 17:07:32,258 | 🚗 CAR (0.76) | Plate: 46 6O
2025-08-21 17:16:44,229 | 🚗 CAR (0.67) | Plate: {28893982
2025-08-21 17:16:44,740 | 🚗 CAR (0.64) | Plate: {28893982
2025-08-21 17:16:44,941 | 🚗 CAR (0.52) | Plate: PERS
2025-08-21 17:16:45,140 | 🚗 CAR (0.80) | Plate: 41R28893982
2025-08-21 17:16:45,382 | 🚗 CAR (0.82) | Plate: 4R78883982
2025-08-21 17:16:45,454 | 🚗 CAR (0.74) | Plate: PERSOR
2025-08-21 17:16:45,591 | 🚗 CAR (0.86) | Plate: 4R28883982
2025-08-21 17:16:45,841 | 🚗 CAR (0.70) | Plate: RSON
2025-08-21 17:16:46,060 | 🚗 CAR (0.86) | Plate: 4328893982
2025-08-21 17:16:46,139 | 🚗 CAR (0.70) | Plate: 49 _3
2025-08-21 17:16:46,349 | 🚗 CAR (0.85) | Plate: 4R28883982
2025-08-21 17:16:46,543 | 🚗 CAR (0.51) | Plate: 0.87
2025-08-21 17:16:46,853 | 🚗 CAR (0.81) | Plate: 4R28883982
2025-08-21 17:16:47,056 | 🚗 CAR (0.77) | Plate: 41R28883982
2025-08-21 17:16:47,253 | 🚗 CAR (0.74) | Plate: 4R28893982
2025-08-21 17:16:47,453 | 🚗 CAR (0.67) | Plate: 41R28893982
2025-08-21 17:16:47,659 | 🚗 CAR (0.73) | Plate: 128883982
2025-08-21 17:16:47,853 | 🚗 CAR (0.74) | Plate: 4R28883982
2025-08-21 17:16:48,206 | 🚗 CAR (0.71) | Plate: 4R2988.3982
2025-08-21 17:16:48,404 | 🚗 CAR (0.84) | Plate: 4R2888.3982
2025-08-21 17:16:48,737 | 🚗 CAR (0.64) | Plate: 1328883982
2025-08-21 17:16:48,940 | 🚗 CAR (0.67) | Plate: 432588.3982
2025-08-21 17:16:49,139 | 🚗 CAR (0.76) | Plate: 1R2688.3982
2025-08-21 17:16:49,338 | 🚗 CAR (0.75) | Plate: 1R28893982
2025-08-21 17:16:49,537 | 🚗 CAR (0.79) | Plate: 1R2988.3982
2025-08-21 17:16:49,682 | 🚗 CAR (0.63) | Plate: PERSON
2025-08-21 17:16:49,887 | 🚗 CAR (0.75) | Plate: 4828883982
2025-08-21 17:16:49,974 | 🚗 CAR (0.59) | Plate: PERSON
2025-08-21 17:16:50,192 | 🚗 CAR (0.76) | Plate: 4R2888.3982
2025-08-21 17:16:50,473 | 🚗 CAR (0.74) | Plate: 4R28883982
2025-08-21 17:16:50,534 | 🚗 CAR (0.62) | Plate: PERSON
2025-08-21 17:16:50,821 | 🚗 CAR (0.71) | Plate: 1R26883982
2025-08-21 17:16:50,922 | 🚗 CAR (0.62) | Plate: DERSEN
2025-08-21 17:16:51,167 | 🚗 CAR (0.68) | Plate: 432888.3982
2025-08-21 17:16:51,259 | 🚗 CAR (0.60) | Plate: PERSCN
2025-08-21 17:16:51,467 | 🚗 CAR (0.85) | Plate: {588.3982
2025-08-21 17:16:51,563 | 🚗 CAR (0.68) | Plate: ERSON
2025-08-21 17:16:51,581 | 🚗 CAR (0.68) | Plate: ERSON
2025-08-21 17:16:51,790 | 🚗 CAR (0.83) | Plate: 4326883982
2025-08-21 17:16:52,061 | 🚗 CAR (0.75) | Plate: 18BS3982
2025-08-21 17:16:52,553 | 🚗 CAR (0.76) | Plate: 46 632
2025-08-21 17:16:54,213 | 🚗 CAR (0.76) | Plate: 46 :08
2025-08-21 17:16:54,352 | 🚗 CAR (0.70) | Plate: ):46
2025-08-21 17:16:54,625 | 🚗 CAR (0.85) | Plate: 7: 46 :08
2025-08-21 17:16:54,895 | 🚗 CAR (0.85) | Plate: :46 :08
2025-08-21 17:16:56,336 | 🚗 CAR (0.93) | Plate: JOL"6, H0397
2025-08-21 17:16:56,605 | 🚗 CAR (0.88) | Plate: JOL'C H0337
2025-08-21 17:16:56,912 | 🚗 CAR (0.83) | Plate: JOLJC H8337
2025-08-21 17:16:57,099 | 🚗 CAR (0.75) | Plate: JOL 'C H8337
2025-08-21 17:16:57,332 | 🚗 CAR (0.57) | Plate: IDLIC H 8337
2025-08-21 17:16:57,473 | 🚗 CAR (0.58) | Plate: JOLIC # 8337
2025-08-21 17:16:57,645 | 🚗 CAR (0.50) | Plate: DLIC H 8337
2025-08-21 17:16:57,777 | 🚗 CAR (0.55) | Plate: JOLIC H 8337
2025-08-21 17:16:57,913 | 🚗 CAR (0.76) | Plate: DLIC H 8337
2025-08-21 17:16:58,051 | 🚗 CAR (0.86) | Plate: DLIC H 8337
2025-08-21 17:16:58,190 | 🚗 CAR (0.86) | Plate: DLIC H 8337
2025-08-21 17:16:58,338 | 🚗 CAR (0.83) | Plate: DLC H8337
2025-08-21 17:16:58,469 | 🚗 CAR (0.83) | Plate: DLIC H 8337
2025-08-21 17:16:58,607 | 🚗 CAR (0.76) | Plate: 48337
2025-08-21 17:16:58,742 | 🚗 CAR (0.77) | Plate: JDLIC H 8337
2025-08-21 17:16:58,883 | 🚗 CAR (0.73) | Plate: 48337
2025-08-21 17:16:59,013 | 🚗 CAR (0.77) | Plate: JDLIC H 8337/
2025-08-21 17:16:59,150 | 🚗 CAR (0.78) | Plate: 48337
2025-08-21 17:16:59,284 | 🚗 CAR (0.75) | Plate: DLIC H 8337
2025-08-21 17:16:59,469 | 🚗 CAR (0.76) | Plate: DLIC H 8337
2025-08-21 17:16:59,622 | 🚗 CAR (0.76) | Plate: 48337
2025-08-21 17:16:59,753 | 🚗 CAR (0.74) | Plate: JDLIC H 8337
2025-08-21 17:16:59,885 | 🚗 CAR (0.79) | Plate: DLIC H 83371
2025-08-21 17:17:00,026 | 🚗 CAR (0.80) | Plate: 48337
2025-08-21 17:17:00,166 | 🚗 CAR (0.82) | Plate: JDLIC H 8337
2025-08-21 17:17:00,301 | 🚗 CAR (0.80) | Plate: JDLIC H 8337
2025-08-21 17:17:00,457 | 🚗 CAR (0.79) | Plate: JDLIC H 8337
2025-08-21 17:17:00,592 | 🚗 CAR (0.77) | Plate: JDLIC H 8337
2025-08-21 17:17:00,729 | 🚗 CAR (0.80) | Plate: JDLIC H 8337
2025-08-21 17:17:00,867 | 🚗 CAR (0.80) | Plate: 48337
2025-08-21 17:17:01,007 | 🚗 CAR (0.86) | Plate: 48337
2025-08-21 17:17:01,155 | 🚗 CAR (0.87) | Plate: JDLIC H 8337/
2025-08-21 17:17:01,284 | 🚗 CAR (0.85) | Plate: DLIC H 8337
2025-08-21 17:17:01,416 | 🚗 CAR (0.83) | Plate: DLIC H 8337
2025-08-21 17:17:01,548 | 🚗 CAR (0.84) | Plate: JDLIC H 8337
2025-08-21 17:17:01,677 | 🚗 CAR (0.82) | Plate: JDLIC H 8337
2025-08-21 17:17:01,814 | 🚗 CAR (0.75) | Plate: DLIC H8337
2025-08-21 17:17:01,949 | 🚗 CAR (0.78) | Plate: JDLIC H 8337
2025-08-21 17:17:02,084 | 🚗 CAR (0.74) | Plate: DLIC H8337
2025-08-21 17:17:02,221 | 🚗 CAR (0.75) | Plate: DLIC H8337
2025-08-21 17:17:02,356 | 🚗 CAR (0.71) | Plate: DLIC H8337
2025-08-21 17:17:02,498 | 🚗 CAR (0.67) | Plate: DLIC H8337
2025-08-21 17:17:02,634 | 🚗 CAR (0.67) | Plate: DLIC H 8337
2025-08-21 17:17:02,770 | 🚗 CAR (0.67) | Plate: DLIC H 8337
2025-08-21 17:17:02,907 | 🚗 CAR (0.67) | Plate: DLIC H 83377
2025-08-21 17:17:03,049 | 🚗 CAR (0.68) | Plate: DLIC H 8337
2025-08-21 17:17:03,191 | 🚗 CAR (0.65) | Plate: DLIC H 8337
2025-08-21 17:17:03,333 | 🚗 CAR (0.64) | Plate: DLIC H 8337
2025-08-21 17:17:03,475 | 🚗 CAR (0.57) | Plate: JDLIC H 8337
2025-08-21 17:17:03,616 | 🚗 CAR (0.55) | Plate: DLIC H 8337
2025-08-21 17:17:03,760 | 🚗 CAR (0.58) | Plate: DLIC H 8337
2025-08-21 17:17:03,908 | 🚗 CAR (0.55) | Plate: 'DLIC H 8337/
2025-08-21 17:17:04,048 | 🚗 CAR (0.70) | Plate: DLIC H 8337/
2025-08-21 17:17:04,187 | 🚗 CAR (0.64) | Plate: 'DLIC H8337
2025-08-21 17:17:04,553 | 🚗 CAR (0.70) | Plate: 9:46:23
2025-08-21 17:17:05,537 | 🚗 CAR (0.88) | Plate: IDAAOO
2025-08-21 17:17:05,793 | 🚗 CAR (0.84) | Plate: 1O4D O:
2025-08-21 17:17:05,924 | 🚗 CAR (0.84) | Plate: 19:46:27
2025-08-21 17:17:06,066 | 🚗 CAR (0.84) | Plate: IOID
2025-08-21 17:17:06,203 | 🚗 CAR (0.76) | Plate: MQAD
2025-08-21 17:17:06,341 | 🚗 CAR (0.79) | Plate: ROND WOS
2025-08-21 17:17:06,584 | 🚗 CAR (0.68) | Plate: #RQAD 3205
2025-08-21 17:17:06,718 | 🚗 CAR (0.73) | Plate: KROAD J205
2025-08-21 17:17:06,868 | 🚗 CAR (0.72) | Plate: HROAD WZOS
2025-08-21 17:17:07,006 | 🚗 CAR (0.68) | Plate: HRQIAD 3205
2025-08-21 17:17:07,131 | 🚗 CAR (0.56) | Plate: MRDIAD 3205
2025-08-21 17:17:07,259 | 🚗 CAR (0.67) | Plate: HROIAD 3205 
2025-08-21 17:17:07,388 | 🚗 CAR (0.74) | Plate: HROIAD 3205
2025-08-21 17:17:07,534 | 🚗 CAR (0.83) | Plate: HROIAD 3205
2025-08-21 17:17:07,670 | 🚗 CAR (0.84) | Plate: HROIAD 3205
2025-08-21 17:17:07,805 | 🚗 CAR (0.86) | Plate: HROIAD 3205
2025-08-21 17:17:07,928 | 🚗 CAR (0.85) | Plate: HROIAD 3205
2025-08-21 17:17:08,058 | 🚗 CAR (0.84) | Plate: HROLAD 3205
2025-08-21 17:17:08,179 | 🚗 CAR (0.85) | Plate: HROIAD 3205
2025-08-21 17:17:08,308 | 🚗 CAR (0.83) | Plate: HROIAD 3205
2025-08-21 17:17:08,439 | 🚗 CAR (0.82) | Plate: HROIAD 3205
2025-08-21 17:17:08,579 | 🚗 CAR (0.83) | Plate: HROLAD 3205
2025-08-21 17:17:08,719 | 🚗 CAR (0.84) | Plate: HROLAD 3205
2025-08-21 17:17:08,853 | 🚗 CAR (0.85) | Plate: HROLAD 3205
2025-08-21 17:17:09,041 | 🚗 CAR (0.84) | Plate: HROLAD 3205
2025-08-21 17:17:09,164 | 🚗 CAR (0.86) | Plate: HROUAD 3205
2025-08-21 17:17:09,290 | 🚗 CAR (0.86) | Plate: HROLAD 3205
2025-08-21 17:17:09,417 | 🚗 CAR (0.86) | Plate: HROIAD 3205
2025-08-21 17:17:09,545 | 🚗 CAR (0.86) | Plate: HROIAD 3205
2025-08-21 17:17:09,817 | 🚗 CAR (0.86) | Plate: HROUAD 3205
2025-08-21 17:17:10,016 | 🚗 CAR (0.73) | Plate: HROIAD
2025-08-21 17:17:10,303 | 🚗 CAR (0.83) | Plate: HROLAD 3205
2025-08-21 17:17:10,463 | 🚗 CAR (0.76) | Plate: HROLAD 3205
2025-08-21 17:17:10,593 | 🚗 CAR (0.74) | Plate: HROLAD 3205
2025-08-21 17:17:10,725 | 🚗 CAR (0.74) | Plate: HROLAD 3205
2025-08-21 17:17:10,853 | 🚗 CAR (0.79) | Plate: HROLAD 3205
2025-08-21 17:17:10,983 | 🚗 CAR (0.82) | Plate: HROLAD 3205
2025-08-21 17:17:11,117 | 🚗 CAR (0.81) | Plate: HROIAD 3205
2025-08-21 17:17:11,251 | 🚗 CAR (0.80) | Plate: HROLAD 3205
2025-08-21 17:17:11,422 | 🚗 CAR (0.81) | Plate: HROIAD 3205
2025-08-21 17:17:11,554 | 🚗 CAR (0.82) | Plate: HROIAD 3205
2025-08-21 17:17:11,691 | 🚗 CAR (0.81) | Plate: HROIAD 3205
2025-08-21 17:17:11,814 | 🚗 CAR (0.82) | Plate: HROIAD 3205
2025-08-21 17:17:11,939 | 🚗 CAR (0.79) | Plate: HROIAD 3205
2025-08-21 17:17:12,071 | 🚗 CAR (0.79) | Plate: HROIAD 3205
2025-08-21 17:17:12,193 | 🚗 CAR (0.79) | Plate: HROIAD 3205
2025-08-21 17:17:12,319 | 🚗 CAR (0.84) | Plate: HROIAD 3205
2025-08-21 17:17:12,449 | 🚗 CAR (0.84) | Plate: HROUAD 3205
2025-08-21 17:17:12,580 | 🚗 CAR (0.85) | Plate: HROLAD 3205
2025-08-21 17:17:12,713 | 🚗 CAR (0.84) | Plate: HROIAD 3205
2025-08-21 17:17:12,853 | 🚗 CAR (0.85) | Plate: HROIAD 3205
2025-08-21 17:17:12,990 | 🚗 CAR (0.84) | Plate: HROIAD 3205
2025-08-21 17:17:13,124 | 🚗 CAR (0.83) | Plate: HROIAD 3205
2025-08-21 17:17:13,250 | 🚗 CAR (0.82) | Plate: HROIAD 3205
2025-08-21 17:17:13,423 | 🚗 CAR (0.81) | Plate: HROLAD 3205
2025-08-21 17:17:13,553 | 🚗 CAR (0.83) | Plate: HROIAD 3205
2025-08-21 17:17:13,722 | 🚗 CAR (0.83) | Plate: HROLAD 3205
2025-08-21 17:17:13,855 | 🚗 CAR (0.83) | Plate: HROLAD 3205
2025-08-21 17:17:13,987 | 🚗 CAR (0.83) | Plate: HROLAD 3205
2025-08-21 17:17:14,109 | 🚗 CAR (0.81) | Plate: HROIAD 3205
2025-08-21 17:17:14,233 | 🚗 CAR (0.79) | Plate: HROIAD 3205
2025-08-21 17:17:14,423 | 🚗 CAR (0.81) | Plate: HROIAD 3205
2025-08-21 17:17:14,573 | 🚗 CAR (0.83) | Plate: HROIAD 3205
2025-08-21 17:17:14,724 | 🚗 CAR (0.84) | Plate: HROIAD 3205
2025-08-21 17:17:14,874 | 🚗 CAR (0.85) | Plate: HROIAD 3205
2025-08-21 17:17:15,021 | 🚗 CAR (0.83) | Plate: HROIAD 3205
2025-08-21 17:17:15,156 | 🚗 CAR (0.85) | Plate: HROAD 3205
2025-08-21 17:17:15,286 | 🚗 CAR (0.86) | Plate: HROAD 3205
2025-08-21 17:17:15,422 | 🚗 CAR (0.85) | Plate: HROAD 3205
2025-08-21 17:17:15,556 | 🚗 CAR (0.84) | Plate: HROLAD 3205
2025-08-21 17:17:15,700 | 🚗 CAR (0.84) | Plate: HROIAD 3205
2025-08-21 17:17:15,838 | 🚗 CAR (0.86) | Plate: HROLAD 3205
2025-08-21 17:17:47,038 | 🚗 CAR (0.67) | Plate: 4R28883982
2025-08-21 17:17:47,362 | 🚗 CAR (0.64) | Plate: 4R25883982
2025-08-21 17:17:47,601 | 🚗 CAR (0.80) | Plate: 4329893982
2025-08-21 17:17:47,798 | 🚗 CAR (0.82) | Plate: 4R28883982
2025-08-21 17:17:47,927 | 🚗 CAR (0.86) | Plate: 4228883982
2025-08-21 17:17:48,211 | 🚗 CAR (0.86) | Plate: 4R28883982
2025-08-21 17:17:48,421 | 🚗 CAR (0.85) | Plate: 4R28883982
2025-08-21 17:17:48,624 | 🚗 CAR (0.81) | Plate: 4R28.8S3982
2025-08-21 17:17:48,815 | 🚗 CAR (0.77) | Plate: 4R2688.3982
2025-08-21 17:17:48,990 | 🚗 CAR (0.74) | Plate: 4R298893982
2025-08-21 17:17:49,172 | 🚗 CAR (0.67) | Plate: 4R298893982
2025-08-21 17:17:49,346 | 🚗 CAR (0.73) | Plate: 4R2888.3982
2025-08-21 17:17:49,521 | 🚗 CAR (0.74) | Plate: 4R2888.3982
2025-08-21 17:17:49,727 | 🚗 CAR (0.71) | Plate: 4R26883982
2025-08-21 17:17:49,905 | 🚗 CAR (0.84) | Plate: 4R26883982
2025-08-21 17:17:50,109 | 🚗 CAR (0.64) | Plate: 482888.3982
2025-08-21 17:17:50,279 | 🚗 CAR (0.67) | Plate: 4R26893982
2025-08-21 17:17:50,457 | 🚗 CAR (0.76) | Plate: 4R28.883982
2025-08-21 17:17:50,630 | 🚗 CAR (0.75) | Plate: 4R26893982
2025-08-21 17:17:50,805 | 🚗 CAR (0.79) | Plate: 4R25893982
2025-08-21 17:17:51,009 | 🚗 CAR (0.75) | Plate: 4R2588.3982
2025-08-21 17:17:51,212 | 🚗 CAR (0.76) | Plate: 4R2888.3982
2025-08-21 17:17:51,422 | 🚗 CAR (0.74) | Plate: 4R28883982
2025-08-21 17:17:51,678 | 🚗 CAR (0.71) | Plate: 4R25853982
2025-08-21 17:17:51,906 | 🚗 CAR (0.68) | Plate: 432885.3982
2025-08-21 17:17:52,112 | 🚗 CAR (0.85) | Plate: {2685.3982
2025-08-21 17:17:52,362 | 🚗 CAR (0.83) | Plate: 4R26883982
2025-08-21 17:17:52,654 | 🚗 CAR (0.75) | Plate: SBS3982
2025-08-21 17:17:54,699 | 🚗 CAR (0.85) | Plate: :46 : 08
2025-08-21 17:17:54,924 | 🚗 CAR (0.89) | Plate: 6708
2025-08-21 17:17:55,269 | 🚗 CAR (0.87) | Plate: 19+46.05
2025-08-21 17:17:55,649 | 🚗 CAR (0.93) | Plate: LIMAUI
2025-08-21 17:17:55,855 | 🚗 CAR (0.92) | Plate: JROU6UI
2025-08-21 17:17:56,041 | 🚗 CAR (0.93) | Plate: JOT ", 40JY7
2025-08-21 17:17:56,207 | 🚗 CAR (0.88) | Plate: JOL 'C H0337
2025-08-21 17:17:56,392 | 🚗 CAR (0.83) | Plate: JOL{C H8337
2025-08-21 17:17:56,620 | 🚗 CAR (0.75) | Plate: JOL C 48337
2025-08-21 17:17:56,731 | 🚗 CAR (0.57) | Plate: DLIC H8337
2025-08-21 17:17:56,837 | 🚗 CAR (0.58) | Plate: JDL;C H 8337
2025-08-21 17:17:56,989 | 🚗 CAR (0.50) | Plate: JDLIC H 8337
2025-08-21 17:17:57,105 | 🚗 CAR (0.55) | Plate: JDLIC H 8337
2025-08-21 17:17:57,229 | 🚗 CAR (0.76) | Plate: JDLIC H 8337
2025-08-21 17:17:57,344 | 🚗 CAR (0.86) | Plate: DLIC H 8337
2025-08-21 17:17:57,458 | 🚗 CAR (0.86) | Plate: DLIC H 8337
2025-08-21 17:17:57,584 | 🚗 CAR (0.83) | Plate: DL C H 8337
2025-08-21 17:17:57,691 | 🚗 CAR (0.83) | Plate: DLIC H 8337
2025-08-21 17:17:57,799 | 🚗 CAR (0.76) | Plate: DLIC H 8337
2025-08-21 17:17:57,903 | 🚗 CAR (0.77) | Plate: DLIC H 8337
2025-08-21 17:17:58,012 | 🚗 CAR (0.73) | Plate: DLIC H 83378
2025-08-21 17:17:58,131 | 🚗 CAR (0.77) | Plate: DLIC H 83371
2025-08-21 17:17:58,236 | 🚗 CAR (0.78) | Plate: DLIC H 8337
2025-08-21 17:17:58,343 | 🚗 CAR (0.75) | Plate: DLIC H 8337
2025-08-21 17:17:58,450 | 🚗 CAR (0.76) | Plate: DLIC H 8337
2025-08-21 17:17:58,557 | 🚗 CAR (0.76) | Plate: DLIC H 8337
2025-08-21 17:17:58,664 | 🚗 CAR (0.74) | Plate: DLIC H 8337
2025-08-21 17:17:58,787 | 🚗 CAR (0.79) | Plate: DLIC H 8337
2025-08-21 17:17:58,899 | 🚗 CAR (0.80) | Plate: DLIC H 8337
2025-08-21 17:17:59,003 | 🚗 CAR (0.82) | Plate: DLIC H 8337
2025-08-21 17:17:59,109 | 🚗 CAR (0.80) | Plate: DLIC H 8337
2025-08-21 17:17:59,214 | 🚗 CAR (0.79) | Plate: DLIC H8337
2025-08-21 17:17:59,323 | 🚗 CAR (0.77) | Plate: DLIC H8337
2025-08-21 17:17:59,431 | 🚗 CAR (0.80) | Plate: DLIC H 8337
2025-08-21 17:17:59,545 | 🚗 CAR (0.80) | Plate: DLIC H 8337
2025-08-21 17:17:59,658 | 🚗 CAR (0.86) | Plate: DLIC H 8337
2025-08-21 17:17:59,775 | 🚗 CAR (0.87) | Plate: DLIC H 8337
2025-08-21 17:17:59,890 | 🚗 CAR (0.85) | Plate: DLIC H8337
2025-08-21 17:18:00,007 | 🚗 CAR (0.83) | Plate: DLIC H 8337
2025-08-21 17:18:00,125 | 🚗 CAR (0.84) | Plate: DLIC H 8337
2025-08-21 17:18:00,242 | 🚗 CAR (0.82) | Plate: DLIC H8337
2025-08-21 17:18:00,359 | 🚗 CAR (0.75) | Plate: DLIC H8337
2025-08-21 17:18:00,474 | 🚗 CAR (0.78) | Plate: DLIC H 8337
2025-08-21 17:18:00,589 | 🚗 CAR (0.74) | Plate: DLIC H 8337
2025-08-21 17:18:00,739 | 🚗 CAR (0.75) | Plate: DLIC H8337
2025-08-21 17:18:00,852 | 🚗 CAR (0.71) | Plate: DLIC H8337
2025-08-21 17:18:00,970 | 🚗 CAR (0.67) | Plate: DLIC H8337
2025-08-21 17:18:01,091 | 🚗 CAR (0.67) | Plate: DLIC H 8337
2025-08-21 17:18:01,208 | 🚗 CAR (0.67) | Plate: DLIC H 8337
2025-08-21 17:18:01,323 | 🚗 CAR (0.67) | Plate: DLIC H 8337
2025-08-21 17:18:01,442 | 🚗 CAR (0.68) | Plate: DLIC H 8337
2025-08-21 17:18:01,560 | 🚗 CAR (0.65) | Plate: DL C H 8337
2025-08-21 17:18:01,673 | 🚗 CAR (0.64) | Plate: DLIC H 8337
2025-08-21 17:18:01,783 | 🚗 CAR (0.57) | Plate: DLIC H 8337
2025-08-21 17:18:01,892 | 🚗 CAR (0.55) | Plate: DLIC H 8337
2025-08-21 17:18:02,003 | 🚗 CAR (0.58) | Plate: {DLIC H 8337/
2025-08-21 17:18:02,117 | 🚗 CAR (0.55) | Plate: DLIC H 8337
2025-08-21 17:18:02,228 | 🚗 CAR (0.70) | Plate: DLIC H 83371
2025-08-21 17:18:02,419 | 🚗 CAR (0.64) | Plate: 'DLIC H8337
2025-08-21 17:18:02,857 | 🚗 CAR (0.70) | Plate: :46:26
2025-08-21 17:18:03,121 | 🚗 CAR (0.72) | Plate: 46.26
2025-08-21 17:18:03,261 | 🚗 CAR (0.83) | Plate: 40.26
2025-08-21 17:18:03,518 | 🚗 CAR (0.92) | Plate: 19.48R46
2025-08-21 17:18:03,736 | 🚗 CAR (0.95) | Plate: 19.46.27
2025-08-21 17:18:03,958 | 🚗 CAR (0.88) | Plate: 102AD MD
2025-08-21 17:18:04,078 | 🚗 CAR (0.84) | Plate: 1O40 120Y
2025-08-21 17:18:04,186 | 🚗 CAR (0.84) | Plate: IOD=
2025-08-21 17:18:04,281 | 🚗 CAR (0.76) | Plate: MFQAD JOS
2025-08-21 17:18:04,400 | 🚗 CAR (0.79) | Plate: MIPOND WOS
2025-08-21 17:18:04,514 | 🚗 CAR (0.76) | Plate: OAD 
2025-08-21 17:18:04,617 | 🚗 CAR (0.68) | Plate: KRQAD J205
2025-08-21 17:18:04,716 | 🚗 CAR (0.73) | Plate: KRQAD J205
2025-08-21 17:18:04,823 | 🚗 CAR (0.72) | Plate: HROAD 3Z05
2025-08-21 17:18:04,940 | 🚗 CAR (0.68) | Plate: HROAD 3205
2025-08-21 17:18:05,054 | 🚗 CAR (0.56) | Plate: MROIAD 3205
2025-08-21 17:18:05,151 | 🚗 CAR (0.67) | Plate: HROIAD 3205
2025-08-21 17:18:05,250 | 🚗 CAR (0.74) | Plate: HROIAD 3205
2025-08-21 17:18:05,355 | 🚗 CAR (0.83) | Plate: HROIAD 3205
2025-08-21 17:18:05,464 | 🚗 CAR (0.84) | Plate: HROIAD 3205
2025-08-21 17:18:05,572 | 🚗 CAR (0.86) | Plate: HROIAD 3205
2025-08-21 17:18:05,671 | 🚗 CAR (0.85) | Plate: HROIAD 3205
2025-08-21 17:18:05,771 | 🚗 CAR (0.84) | Plate: HROLAD 3205
2025-08-21 17:18:05,871 | 🚗 CAR (0.85) | Plate: HROIAD 3205
2025-08-21 17:18:05,977 | 🚗 CAR (0.83) | Plate: HROLAD 3205
2025-08-21 17:18:06,082 | 🚗 CAR (0.82) | Plate: HROLAD 3205
2025-08-21 17:18:06,190 | 🚗 CAR (0.83) | Plate: HROLAD 3205
2025-08-21 17:18:06,287 | 🚗 CAR (0.84) | Plate: HROLAD 3205
2025-08-21 17:18:06,387 | 🚗 CAR (0.85) | Plate: HROLAD 3205
2025-08-21 17:18:06,525 | 🚗 CAR (0.84) | Plate: HROLAD 3205
2025-08-21 17:18:06,625 | 🚗 CAR (0.86) | Plate: HROUAD 3205
2025-08-21 17:18:06,736 | 🚗 CAR (0.86) | Plate: HROUAD 3205
2025-08-21 17:18:06,842 | 🚗 CAR (0.86) | Plate: HROUAD 3205
2025-08-21 17:18:06,938 | 🚗 CAR (0.86) | Plate: HROIAD 3205
2025-08-21 17:18:07,193 | 🚗 CAR (0.86) | Plate: HROUAD 3205
2025-08-21 17:18:07,451 | 🚗 CAR (0.73) | Plate: HROIAD
2025-08-21 17:18:07,691 | 🚗 CAR (0.83) | Plate: HROLAD 3205
2025-08-21 17:18:07,815 | 🚗 CAR (0.76) | Plate: HROLAD 3205
2025-08-21 17:18:07,916 | 🚗 CAR (0.74) | Plate: HROLAD 3205
2025-08-21 17:18:08,020 | 🚗 CAR (0.74) | Plate: HROLAD 3205
2025-08-21 17:18:08,119 | 🚗 CAR (0.79) | Plate: HROLAD 3205
2025-08-21 17:18:08,225 | 🚗 CAR (0.82) | Plate: HROLAD 3205
2025-08-21 17:18:08,330 | 🚗 CAR (0.81) | Plate: HROLAD 3205
2025-08-21 17:18:08,440 | 🚗 CAR (0.80) | Plate: HROLAD 3205
2025-08-21 17:18:08,535 | 🚗 CAR (0.81) | Plate: HROLAD 3205
2025-08-21 17:18:08,632 | 🚗 CAR (0.82) | Plate: HROLAD 3205
2025-08-21 17:18:08,737 | 🚗 CAR (0.81) | Plate: HROLAD 3205
2025-08-21 17:18:08,842 | 🚗 CAR (0.82) | Plate: HROLAD 3205
2025-08-21 17:18:08,938 | 🚗 CAR (0.79) | Plate: HROLAD 3205
2025-08-21 17:18:09,037 | 🚗 CAR (0.79) | Plate: HROLAD 3205
2025-08-21 17:18:09,138 | 🚗 CAR (0.79) | Plate: HROLAD 3205
2025-08-21 17:18:09,258 | 🚗 CAR (0.84) | Plate: HROLAD 3205
2025-08-21 17:18:09,365 | 🚗 CAR (0.84) | Plate: HROLAD 3205
2025-08-21 17:18:09,476 | 🚗 CAR (0.85) | Plate: HROLAD 3205
2025-08-21 17:18:09,574 | 🚗 CAR (0.84) | Plate: HROLAD 3205
2025-08-21 17:18:09,673 | 🚗 CAR (0.85) | Plate: HROIAD 3205
2025-08-21 17:18:09,773 | 🚗 CAR (0.84) | Plate: HROIAD 3205
2025-08-21 17:18:09,880 | 🚗 CAR (0.83) | Plate: HROIAD 3205
2025-08-21 17:18:09,989 | 🚗 CAR (0.82) | Plate: HROLAD 3205
2025-08-21 17:18:10,113 | 🚗 CAR (0.81) | Plate: HROUAD 3205
2025-08-21 17:18:10,212 | 🚗 CAR (0.83) | Plate: HROIAD 3205
2025-08-21 17:18:10,330 | 🚗 CAR (0.83) | Plate: HROIAD 3205
2025-08-21 17:18:10,443 | 🚗 CAR (0.83) | Plate: HROIAD 3205
2025-08-21 17:18:10,559 | 🚗 CAR (0.83) | Plate: HROIAD 3205
2025-08-21 17:18:10,668 | 🚗 CAR (0.81) | Plate: HROLAD 3205
2025-08-21 17:18:10,775 | 🚗 CAR (0.79) | Plate: HROLAD 3205
2025-08-21 17:18:10,881 | 🚗 CAR (0.81) | Plate: HROIAD 3205
2025-08-21 17:18:11,001 | 🚗 CAR (0.83) | Plate: HROLAD 3205
2025-08-21 17:18:11,112 | 🚗 CAR (0.84) | Plate: HROUAD 3205
2025-08-21 17:18:11,227 | 🚗 CAR (0.85) | Plate: HROIAD 3205
2025-08-21 17:18:11,343 | 🚗 CAR (0.83) | Plate: HROIAD 3205
2025-08-21 17:18:11,457 | 🚗 CAR (0.85) | Plate: HROAD 3205
2025-08-21 17:18:11,554 | 🚗 CAR (0.86) | Plate: HROAD 3205
2025-08-21 17:18:11,654 | 🚗 CAR (0.85) | Plate: HROUAD 3205
2025-08-21 17:18:11,754 | 🚗 CAR (0.84) | Plate: HROLAD 3205
2025-08-21 17:18:11,862 | 🚗 CAR (0.84) | Plate: HROIAD 3205
2025-08-21 17:18:11,974 | 🚗 CAR (0.86) | Plate: HROIAD 3205
2025-08-21 17:18:12,094 | 🚗 CAR (0.88) | Plate: HROIAD 3205
2025-08-21 17:18:12,210 | 🚗 CAR (0.86) | Plate: HRQIAD 3205
2025-08-21 17:18:12,320 | 🚗 CAR (0.80) | Plate: HROIAD 3205
2025-08-21 17:18:12,442 | 🚗 CAR (0.84) | Plate: HRDIAD 3205
2025-08-21 17:18:12,540 | 🚗 CAR (0.78) | Plate: HROIAD 3205
2025-08-21 17:18:12,640 | 🚗 CAR (0.87) | Plate: HROIAD 3205
2025-08-21 17:18:13,555 | 🚗 CAR (0.92) | Plate: NUC4Y
2025-08-21 17:18:13,661 | 🚗 CAR (0.89) | Plate: 18210 [
2025-08-21 17:18:13,768 | 🚗 CAR (0.85) | Plate: 62G06I
2025-08-21 17:18:13,982 | 🚗 CAR (0.89) | Plate: 02G 0264
2025-08-21 17:18:14,099 | 🚗 CAR (0.85) | Plate: FE2J 0 0261
2025-08-21 17:18:14,207 | 🚗 CAR (0.84) | Plate: PR 2J 6 0261
2025-08-21 17:18:14,304 | 🚗 CAR (0.76) | Plate: PB 2 6 0261
2025-08-21 17:18:14,404 | 🚗 CAR (0.75) | Plate: P02} 6 0261
2025-08-21 17:18:14,504 | 🚗 CAR (0.71) | Plate: PB 2 6 0261
2025-08-21 17:18:14,611 | 🚗 CAR (0.66) | Plate: P0 2 6 0261
2025-08-21 17:18:14,721 | 🚗 CAR (0.73) | Plate: PB26 0261
2025-08-21 17:18:14,843 | 🚗 CAR (0.72) | Plate: PP46 0261
2025-08-21 17:18:14,957 | 🚗 CAR (0.74) | Plate: PB 2 6 0261
2025-08-21 17:18:15,054 | 🚗 CAR (0.71) | Plate: PB 2 6 0261
2025-08-21 17:18:15,154 | 🚗 CAR (0.75) | Plate: PB 2 6 0261
2025-08-21 17:18:15,257 | 🚗 CAR (0.77) | Plate: PB 2 6 0261
2025-08-21 17:18:15,360 | 🚗 CAR (0.80) | Plate: PB 2 6 0261
2025-08-21 17:18:15,476 | 🚗 CAR (0.81) | Plate: PB 2 6 0261
2025-08-21 17:18:15,590 | 🚗 CAR (0.78) | Plate: PB 2 G 0261
2025-08-21 17:18:15,704 | 🚗 CAR (0.78) | Plate: PB 2 G 0261
2025-08-21 17:18:15,827 | 🚗 CAR (0.83) | Plate: PB 2 6 0261
2025-08-21 17:18:15,940 | 🚗 CAR (0.81) | Plate: PB 2 6 0261
2025-08-21 17:18:16,039 | 🚗 CAR (0.80) | Plate: PB 2 6 0261
2025-08-21 17:18:16,138 | 🚗 CAR (0.81) | Plate: PB 2 6 0261
2025-08-21 17:18:16,240 | 🚗 CAR (0.83) | Plate: PB 2 6 0261
2025-08-21 17:18:16,343 | 🚗 CAR (0.82) | Plate: PB 2 6 0261
2025-08-21 17:18:16,454 | 🚗 CAR (0.83) | Plate: PB 2 6 0261
2025-08-21 17:18:16,561 | 🚗 CAR (0.82) | Plate: PB 2 6 0261
2025-08-21 17:18:16,658 | 🚗 CAR (0.81) | Plate: PB 2 6 0261
2025-08-21 17:18:16,758 | 🚗 CAR (0.82) | Plate: PB 2 6 0261
2025-08-21 17:18:16,859 | 🚗 CAR (0.76) | Plate: PB 2 6 0261
2025-08-21 17:18:16,963 | 🚗 CAR (0.82) | Plate: PB 2} G 0261
2025-08-21 17:18:17,077 | 🚗 CAR (0.82) | Plate: PB 2 G 0261
2025-08-21 17:18:17,188 | 🚗 CAR (0.82) | Plate: PB 2 6 0261
2025-08-21 17:18:17,285 | 🚗 CAR (0.82) | Plate: PB 2 G 0261
2025-08-21 17:18:17,385 | 🚗 CAR (0.82) | Plate: PB 2J G 0261
2025-08-21 17:18:17,488 | 🚗 CAR (0.81) | Plate: PB 2 G 0261
2025-08-21 17:18:17,595 | 🚗 CAR (0.78) | Plate: PB 2 G 0261
2025-08-21 17:18:17,709 | 🚗 CAR (0.78) | Plate: PB 2 G 0261
2025-08-21 17:18:17,821 | 🚗 CAR (0.71) | Plate: PB 2 G 0261
2025-08-21 17:18:17,920 | 🚗 CAR (0.69) | Plate: PB 23 G 0261
2025-08-21 17:18:18,020 | 🚗 CAR (0.69) | Plate: PB 23 G 0261
2025-08-21 17:18:18,122 | 🚗 CAR (0.76) | Plate: PB 23 G 0261
2025-08-21 17:18:18,231 | 🚗 CAR (0.78) | Plate: PB 23 G 0261
2025-08-21 17:18:18,342 | 🚗 CAR (0.78) | Plate: PB 23 G 0261
2025-08-21 17:18:18,442 | 🚗 CAR (0.78) | Plate: PB 23 G 0261
2025-08-21 17:18:18,542 | 🚗 CAR (0.77) | Plate: PB 23 G 0261
2025-08-21 17:18:18,644 | 🚗 CAR (0.78) | Plate: PB 23 G 0261
2025-08-21 17:18:18,753 | 🚗 CAR (0.76) | Plate: PB 23 G 0261
2025-08-21 17:18:18,873 | 🚗 CAR (0.71) | Plate: PB 23 G 0261
2025-08-21 17:18:18,990 | 🚗 CAR (0.78) | Plate: PB 23 G 0261
2025-08-21 17:18:19,111 | 🚗 CAR (0.76) | Plate: PB 23 G 0261
2025-08-21 17:18:19,222 | 🚗 CAR (0.77) | Plate: PB 2 G 0261
2025-08-21 17:18:19,320 | 🚗 CAR (0.77) | Plate: PB 2 6 0261
2025-08-21 17:18:19,419 | 🚗 CAR (0.72) | Plate: PB 23 6 0261
2025-08-21 17:18:19,521 | 🚗 CAR (0.72) | Plate: PB 23 G 0261
2025-08-21 17:18:19,632 | 🚗 CAR (0.72) | Plate: PB 23 G 0261
2025-08-21 17:18:19,741 | 🚗 CAR (0.78) | Plate: PB 23 G 0261
2025-08-21 17:18:19,839 | 🚗 CAR (0.77) | Plate: PB 2 G 0261
2025-08-21 17:18:19,938 | 🚗 CAR (0.80) | Plate: PB 23 G 0261
2025-08-21 17:18:20,040 | 🚗 CAR (0.80) | Plate: PB 23 G 0261
2025-08-21 17:18:20,141 | 🚗 CAR (0.78) | Plate: PB 23 G 0261
2025-08-21 17:18:20,254 | 🚗 CAR (0.78) | Plate: PB 23 G 0261
2025-08-21 17:18:20,362 | 🚗 CAR (0.75) | Plate: PB 23 G 0261
2025-08-21 17:18:20,459 | 🚗 CAR (0.75) | Plate: PB 23 G 0261
2025-08-21 17:18:20,566 | 🚗 CAR (0.77) | Plate: PB 23 G 0261
2025-08-21 17:18:20,667 | 🚗 CAR (0.77) | Plate: PB 23 G 0261
2025-08-21 17:18:20,774 | 🚗 CAR (0.77) | Plate: PB 23 G 0261
2025-08-21 17:18:20,882 | 🚗 CAR (0.77) | Plate: PB 23 G 0261
2025-08-21 17:18:20,990 | 🚗 CAR (0.81) | Plate: PB 23 G 0261
2025-08-21 17:18:21,087 | 🚗 CAR (0.81) | Plate: PB 23 G 0261
2025-08-21 17:18:21,188 | 🚗 CAR (0.76) | Plate: PB 23 6 0261
2025-08-21 17:18:21,291 | 🚗 CAR (0.81) | Plate: PB 23 G 0261
2025-08-21 17:18:21,398 | 🚗 CAR (0.81) | Plate: PB 23 6 0261
2025-08-21 17:18:21,511 | 🚗 CAR (0.80) | Plate: PB 23 6 0261
2025-08-21 17:18:21,625 | 🚗 CAR (0.79) | Plate: PB 23 6 0261
2025-08-21 17:18:21,741 | 🚗 CAR (0.79) | Plate: PB 23 G 0261
2025-08-21 17:18:21,862 | 🚗 CAR (0.80) | Plate: PB 23 6 0261
2025-08-21 17:18:21,974 | 🚗 CAR (0.81) | Plate: PB 23 6 0261
2025-08-21 17:18:22,072 | 🚗 CAR (0.77) | Plate: PB 2} 6 0261
2025-08-21 17:18:22,172 | 🚗 CAR (0.77) | Plate: P8 2 6 0261
2025-08-21 17:18:22,275 | 🚗 CAR (0.80) | Plate: PB 2} G 0261
2025-08-21 17:18:22,381 | 🚗 CAR (0.78) | Plate: PB2 G 0261
2025-08-21 17:18:22,490 | 🚗 CAR (0.79) | Plate: PB 2 6 0261
2025-08-21 17:18:22,588 | 🚗 CAR (0.79) | Plate: PB 2 6 0261
2025-08-21 17:18:22,689 | 🚗 CAR (0.80) | Plate: PB2 6 0261
2025-08-21 17:18:22,794 | 🚗 CAR (0.80) | Plate: PB 2 6 0261
2025-08-21 17:18:22,902 | 🚗 CAR (0.78) | Plate: PB 2 6 0261
2025-08-21 17:18:23,008 | 🚗 CAR (0.79) | Plate: PB 2 6 0261
2025-08-21 17:18:23,106 | 🚗 CAR (0.78) | Plate: PB 2 6 0261
2025-08-21 17:18:23,205 | 🚗 CAR (0.78) | Plate: PB 2 G 0261
2025-08-21 17:18:23,307 | 🚗 CAR (0.82) | Plate: PB 2 6 0261
2025-08-21 17:18:23,410 | 🚗 CAR (0.77) | Plate: PB 2 6 0261
2025-08-21 17:18:23,522 | 🚗 CAR (0.72) | Plate: PB 2 G 0261
2025-08-21 17:18:23,643 | 🚗 CAR (0.76) | Plate: PB 2 G 0261
2025-08-21 17:18:23,760 | 🚗 CAR (0.74) | Plate: PB 2 6 0261
2025-08-21 17:18:23,876 | 🚗 CAR (0.72) | Plate: PB 2 G 0261
2025-08-21 17:18:23,989 | 🚗 CAR (0.75) | Plate: PB 2 G 0261
2025-08-21 17:18:24,106 | 🚗 CAR (0.79) | Plate: PB 2 G 0261
2025-08-21 17:18:24,225 | 🚗 CAR (0.78) | Plate: PB 2 6 0261
2025-08-21 17:18:24,343 | 🚗 CAR (0.79) | Plate: PB 2 6 0261
2025-08-21 17:18:24,451 | 🚗 CAR (0.75) | Plate: PB 2 G 0261
2025-08-21 17:18:24,580 | 🚗 CAR (0.82) | Plate: PB 2 6 0261
2025-08-21 17:18:24,685 | 🚗 CAR (0.83) | Plate: PB 23 G 0261
2025-08-21 17:18:24,790 | 🚗 CAR (0.85) | Plate: PB 2} G 0261
2025-08-21 17:18:24,897 | 🚗 CAR (0.82) | Plate: PB2 6 0261
2025-08-21 17:18:25,009 | 🚗 CAR (0.71) | Plate: P82}6 0261
2025-08-21 17:18:25,130 | 🚗 CAR (0.64) | Plate: P02G 0261
2025-08-21 17:18:25,240 | 🚗 CAR (0.68) | Plate: PB23 G 0261
2025-08-21 17:18:25,354 | 🚗 CAR (0.77) | Plate: 6 026
2025-08-21 17:18:25,455 | 📸 TRUCK (0.55) | Plate: PB 2 6 026/
2025-08-21 17:18:26,582 | 🚗 CAR (0.91) | Plate: DEEUGE
2025-08-21 17:18:26,697 | 🚗 CAR (0.72) | Plate: DLC $169
2025-08-21 17:18:26,799 | 🚗 CAR (0.77) | Plate: 'DL3C $ 1166
2025-08-21 17:18:26,908 | 🚗 CAR (0.75) | Plate: IDIJC $ 1/66
2025-08-21 17:18:27,018 | 🚗 CAR (0.81) | Plate: CJCSIGG
2025-08-21 17:18:27,157 | 🚗 CAR (0.89) | Plate: DL 3C $ (166
2025-08-21 17:18:27,301 | 🚗 CAR (0.65) | Plate: 'OLJC 5 1166
2025-08-21 17:18:27,421 | 🚗 CAR (0.60) | Plate: OLJC 5 1166
2025-08-21 17:18:27,527 | 🚗 CAR (0.81) | Plate: DL3C 5 1166
2025-08-21 17:18:27,675 | 🚗 CAR (0.74) | Plate: DLJC 5 1166
2025-08-21 17:18:27,807 | 🚗 CAR (0.85) | Plate: DL3C S 1166
2025-08-21 17:18:27,942 | 🚗 CAR (0.85) | Plate: 'DL3C S 1166
2025-08-21 17:18:28,080 | 🚗 CAR (0.80) | Plate: 0L3C $ 1166
2025-08-21 17:18:28,207 | 🚗 CAR (0.83) | Plate: OL3C $ 1166
2025-08-21 17:18:28,338 | 🚗 CAR (0.82) | Plate: OL3C 5 I166
2025-08-21 17:18:28,511 | 🚗 CAR (0.58) | Plate: OL3C 5JI66
2025-08-21 17:18:28,634 | 🚗 CAR (0.61) | Plate: OLSC S I166
2025-08-21 17:18:28,776 | 🚗 CAR (0.59) | Plate: 'OC3C S 1166
2025-08-21 17:18:28,918 | 🚗 CAR (0.70) | Plate: OCJC $ 1466
2025-08-21 17:18:29,084 | 🚗 CAR (0.54) | Plate: @L3C $ 1166
2025-08-21 17:18:29,375 | 🚗 CAR (0.54) | Plate: @L3C $ 1166
2025-08-21 17:18:29,508 | 🚗 CAR (0.63) | Plate: (OLZC $ 1166
2025-08-21 17:18:29,656 | 🚗 CAR (0.71) | Plate: (DL3C $ 1166
2025-08-21 17:18:29,815 | 🚗 CAR (0.66) | Plate: (DL3C $ 1166
2025-08-21 17:18:29,944 | 🚗 CAR (0.62) | Plate: 'DL3C $ 1166
2025-08-21 17:18:30,067 | 🚗 CAR (0.77) | Plate: 'DC3C $N166
2025-08-21 17:18:30,200 | 🚗 CAR (0.78) | Plate: (OL 3C $ 1166
2025-08-21 17:18:30,333 | 🚗 CAR (0.82) | Plate: OLSC $ 1166
2025-08-21 17:18:30,467 | 🚗 CAR (0.74) | Plate: (OLSC $ 1166
2025-08-21 17:18:30,600 | 🚗 CAR (0.74) | Plate: OLSC $ 1166
2025-08-21 17:18:30,735 | 🚗 CAR (0.74) | Plate: OLSC $ 1166
2025-08-21 17:18:30,871 | 🚗 CAR (0.72) | Plate: OLSC $ 1166
2025-08-21 17:18:31,006 | 🚗 CAR (0.78) | Plate: (OC3C $ 1166
2025-08-21 17:18:31,126 | 🚗 CAR (0.84) | Plate: OCJC S I1G6
2025-08-21 17:18:32,894 | 🚗 CAR (0.92) | Plate: EUDD
2025-08-21 17:18:33,023 | 🚗 CAR (0.92) | Plate: EKUEBU
2025-08-21 17:18:33,145 | 🚗 CAR (0.86) | Plate: 0K1E 0518
2025-08-21 17:18:33,268 | 🚗 CAR (0.88) | Plate: UK190518
2025-08-21 17:18:33,398 | 🚗 CAR (0.77) | Plate: UK18 0515
2025-08-21 17:18:33,594 | 🚗 CAR (0.80) | Plate: UKIE 0518
2025-08-21 17:18:33,738 | 🚗 CAR (0.78) | Plate: UK1 0518
2025-08-21 17:18:33,874 | 🚗 CAR (0.81) | Plate: UKB 0515
2025-08-21 17:18:34,012 | 🚗 CAR (0.69) | Plate: UKI8 0515
2025-08-21 17:18:34,271 | 🚗 CAR (0.74) | Plate: UK1 0815
2025-08-21 17:18:34,409 | 🚗 CAR (0.73) | Plate: UK1E 0515
2025-08-21 17:18:34,576 | 🚗 CAR (0.76) | Plate: UKIB 0515
2025-08-21 17:18:34,671 | 🚗 CAR (0.84) | Plate: UK1 0515
2025-08-21 17:18:34,827 | 🚗 CAR (0.84) | Plate: UK1E 0515
2025-08-21 17:18:34,972 | 🚗 CAR (0.83) | Plate: UK1E 0515
2025-08-21 17:18:35,133 | 🚗 CAR (0.80) | Plate: UK18 0545
2025-08-21 17:18:35,298 | 🚗 CAR (0.77) | Plate: UK18 0545
2025-08-21 17:18:35,468 | 🚗 CAR (0.77) | Plate: UK1E 0515
2025-08-21 17:18:35,604 | 🚗 CAR (0.80) | Plate: UK1E 0515
2025-08-21 17:18:35,745 | 🚗 CAR (0.83) | Plate: UK1E 0515
2025-08-21 17:18:35,870 | 🚗 CAR (0.84) | Plate: UK1E 0515
2025-08-21 17:18:36,000 | 🚗 CAR (0.83) | Plate: UK1E 0515
2025-08-21 17:18:36,133 | 🚗 CAR (0.82) | Plate: UK1E 0515
2025-08-21 17:18:36,270 | 🚗 CAR (0.83) | Plate: UJKIS 0515
2025-08-21 17:18:36,420 | 🚗 CAR (0.83) | Plate: UK1B 0515
2025-08-21 17:18:36,545 | 🚗 CAR (0.83) | Plate: UK1B 0515
2025-08-21 17:18:36,674 | 🚗 CAR (0.84) | Plate: UK1B 0515
2025-08-21 17:18:36,806 | 🚗 CAR (0.85) | Plate: UKIS 0515
2025-08-21 17:18:36,940 | 🚗 CAR (0.84) | Plate: UKIS 0515
2025-08-21 17:18:37,072 | 🚗 CAR (0.84) | Plate: UK18 0515
2025-08-21 17:18:37,208 | 🚗 CAR (0.84) | Plate: UKIB 0315
2025-08-21 17:18:37,340 | 🚗 CAR (0.83) | Plate: UKIB 0315
2025-08-21 17:18:37,471 | 🚗 CAR (0.83) | Plate: UKIB 0315
2025-08-21 17:18:37,604 | 🚗 CAR (0.82) | Plate: UK18 0515
2025-08-21 17:18:37,754 | 🚗 CAR (0.82) | Plate: JK1B 0315
2025-08-21 17:18:37,892 | 🚗 CAR (0.81) | Plate: JK1B 0515
2025-08-21 17:18:38,031 | 🚗 CAR (0.81) | Plate: JK1B 0515
2025-08-21 17:18:38,171 | 🚗 CAR (0.82) | Plate: UK18 0515
2025-08-21 17:18:38,297 | 🚗 CAR (0.81) | Plate: UK1B 0515
2025-08-21 17:18:38,445 | 🚗 CAR (0.77) | Plate: UK1B 0515
2025-08-21 17:18:38,542 | 🚗 CAR (0.78) | Plate: JK1B 0515
2025-08-21 17:18:38,675 | 🚗 CAR (0.81) | Plate: JK1E 0515
2025-08-21 17:18:38,848 | 🚗 CAR (0.79) | Plate: UKIE 0515
2025-08-21 17:18:39,016 | 🚗 CAR (0.81) | Plate: UKIB 0515
2025-08-21 17:18:39,123 | 🚗 CAR (0.81) | Plate: UK1E 0515
2025-08-21 17:18:39,258 | 🚗 CAR (0.84) | Plate: UK1E 0515
2025-08-21 17:18:39,391 | 🚗 CAR (0.82) | Plate: UK1E 0215
2025-08-21 17:18:39,515 | 🚗 CAR (0.79) | Plate: UK1E 0515
2025-08-21 17:18:39,659 | 🚗 CAR (0.75) | Plate: UK18 0515
2025-08-21 17:18:39,944 | 🚗 CAR (0.60) | Plate: UKI8 0515
2025-08-21 17:18:40,102 | 🚗 CAR (0.69) | Plate: UKIE 0515
2025-08-21 17:18:40,203 | 🚗 CAR (0.79) | Plate: UKI8 0515
2025-08-21 17:18:40,344 | 🚗 CAR (0.75) | Plate: UKI80515
2025-08-21 17:18:40,482 | 🚗 CAR (0.71) | Plate: UK190515
2025-08-21 17:18:40,628 | 🚗 CAR (0.84) | Plate: UK1E0B15
2025-08-25 18:20:22,233 | 🚗 CAR (0.67) | Plate: 4R28883982
2025-08-25 18:20:22,544 | 🚗 CAR (0.64) | Plate: 4R25883982
2025-08-25 18:20:22,782 | 🚗 CAR (0.80) | Plate: 4329893982
2025-08-25 18:20:22,983 | 🚗 CAR (0.82) | Plate: 4R28883982
2025-08-25 18:20:23,109 | 🚗 CAR (0.86) | Plate: 4228883982
2025-08-25 18:20:23,394 | 🚗 CAR (0.86) | Plate: 4R28883982
2025-08-25 18:20:23,605 | 🚗 CAR (0.85) | Plate: 4R28883982
2025-08-25 18:20:23,811 | 🚗 CAR (0.81) | Plate: 4R28.8S3982
2025-08-25 18:20:23,989 | 🚗 CAR (0.77) | Plate: 4R2688.3982
2025-08-25 18:20:24,161 | 🚗 CAR (0.74) | Plate: 4R298893982
2025-08-25 18:20:24,339 | 🚗 CAR (0.67) | Plate: 4R298893982
2025-08-25 18:20:24,525 | 🚗 CAR (0.73) | Plate: 4R2888.3982
2025-08-25 18:20:24,695 | 🚗 CAR (0.74) | Plate: 4R2888.3982
2025-08-25 18:20:24,903 | 🚗 CAR (0.71) | Plate: 4R26883982
2025-08-25 18:20:25,078 | 🚗 CAR (0.84) | Plate: 4R26883982
2025-08-25 18:20:25,273 | 🚗 CAR (0.64) | Plate: 482888.3982
2025-08-25 18:20:25,453 | 🚗 CAR (0.67) | Plate: 4R26893982
2025-08-25 18:20:25,626 | 🚗 CAR (0.76) | Plate: 4R28.883982
2025-08-25 18:20:25,804 | 🚗 CAR (0.75) | Plate: 4R26893982
2025-08-25 18:20:25,977 | 🚗 CAR (0.79) | Plate: 4R25893982
2025-08-25 18:20:26,173 | 🚗 CAR (0.75) | Plate: 4R2588.3982
2025-08-25 18:20:26,377 | 🚗 CAR (0.76) | Plate: 4R2888.3982
2025-08-25 18:20:26,577 | 🚗 CAR (0.74) | Plate: 4R28883982
2025-08-25 18:20:26,839 | 🚗 CAR (0.71) | Plate: 4R25853982
2025-08-25 18:20:27,071 | 🚗 CAR (0.68) | Plate: 432885.3982
2025-08-25 18:20:27,286 | 🚗 CAR (0.85) | Plate: {2685.3982
2025-08-25 18:20:27,537 | 🚗 CAR (0.83) | Plate: 4R26883982
2025-08-25 18:20:27,834 | 🚗 CAR (0.75) | Plate: SBS3982
2025-08-25 18:20:29,777 | 🚗 CAR (0.85) | Plate: :46 : 08
2025-08-25 18:20:30,008 | 🚗 CAR (0.89) | Plate: 6708
2025-08-25 18:20:30,344 | 🚗 CAR (0.87) | Plate: 19+46.05
2025-08-25 18:20:30,730 | 🚗 CAR (0.93) | Plate: LIMAUI
2025-08-25 18:20:30,948 | 🚗 CAR (0.92) | Plate: JROU6UI
2025-08-25 18:20:31,150 | 🚗 CAR (0.93) | Plate: JOT ", 40JY7
2025-08-25 18:20:31,329 | 🚗 CAR (0.88) | Plate: JOL 'C H0337
2025-08-25 18:20:31,504 | 🚗 CAR (0.83) | Plate: JOL{C H8337
2025-08-25 18:20:31,728 | 🚗 CAR (0.75) | Plate: JOL C 48337
2025-08-25 18:20:31,845 | 🚗 CAR (0.57) | Plate: DLIC H8337
2025-08-25 18:20:31,952 | 🚗 CAR (0.58) | Plate: JDL;C H 8337
2025-08-25 18:20:32,107 | 🚗 CAR (0.50) | Plate: JDLIC H 8337
2025-08-25 18:20:32,218 | 🚗 CAR (0.55) | Plate: JDLIC H 8337
2025-08-25 18:20:32,339 | 🚗 CAR (0.76) | Plate: JDLIC H 8337
2025-08-25 18:20:32,462 | 🚗 CAR (0.86) | Plate: DLIC H 8337
2025-08-25 18:20:32,583 | 🚗 CAR (0.86) | Plate: DLIC H 8337
2025-08-25 18:20:32,699 | 🚗 CAR (0.83) | Plate: DL C H 8337
2025-08-25 18:20:32,817 | 🚗 CAR (0.83) | Plate: DLIC H 8337
2025-08-25 18:20:32,935 | 🚗 CAR (0.76) | Plate: DLIC H 8337
2025-08-25 18:20:33,051 | 🚗 CAR (0.77) | Plate: DLIC H 8337
2025-08-25 18:20:33,169 | 🚗 CAR (0.73) | Plate: DLIC H 83378
2025-08-25 18:20:33,288 | 🚗 CAR (0.77) | Plate: DLIC H 83371
2025-08-25 18:20:33,403 | 🚗 CAR (0.78) | Plate: DLIC H 8337
2025-08-25 18:20:33,516 | 🚗 CAR (0.75) | Plate: DLIC H 8337
2025-08-25 18:20:33,630 | 🚗 CAR (0.76) | Plate: DLIC H 8337
2025-08-25 18:20:33,746 | 🚗 CAR (0.76) | Plate: DLIC H 8337
2025-08-25 18:20:33,861 | 🚗 CAR (0.74) | Plate: DLIC H 8337
2025-08-25 18:20:33,975 | 🚗 CAR (0.79) | Plate: DLIC H 8337
2025-08-25 18:20:34,088 | 🚗 CAR (0.80) | Plate: DLIC H 8337
2025-08-25 18:20:34,228 | 🚗 CAR (0.82) | Plate: DLIC H 8337
2025-08-25 18:20:34,333 | 🚗 CAR (0.80) | Plate: DLIC H 8337
2025-08-25 18:20:34,440 | 🚗 CAR (0.79) | Plate: DLIC H8337
2025-08-25 18:20:34,551 | 🚗 CAR (0.77) | Plate: DLIC H8337
2025-08-25 18:20:34,674 | 🚗 CAR (0.80) | Plate: DLIC H 8337
2025-08-25 18:20:34,793 | 🚗 CAR (0.80) | Plate: DLIC H 8337
2025-08-25 18:20:34,898 | 🚗 CAR (0.86) | Plate: DLIC H 8337
2025-08-25 18:20:35,008 | 🚗 CAR (0.87) | Plate: DLIC H 8337
2025-08-25 18:20:35,121 | 🚗 CAR (0.85) | Plate: DLIC H8337
2025-08-25 18:20:35,239 | 🚗 CAR (0.83) | Plate: DLIC H 8337
2025-08-25 18:20:35,353 | 🚗 CAR (0.84) | Plate: DLIC H 8337
2025-08-25 18:20:35,473 | 🚗 CAR (0.82) | Plate: DLIC H8337
2025-08-25 18:20:35,588 | 🚗 CAR (0.75) | Plate: DLIC H8337
2025-08-25 18:20:35,705 | 🚗 CAR (0.78) | Plate: DLIC H 8337
2025-08-25 18:20:35,824 | 🚗 CAR (0.74) | Plate: DLIC H 8337
2025-08-25 18:20:35,976 | 🚗 CAR (0.75) | Plate: DLIC H8337
2025-08-25 18:20:36,092 | 🚗 CAR (0.71) | Plate: DLIC H8337
2025-08-25 18:20:36,206 | 🚗 CAR (0.67) | Plate: DLIC H8337
2025-08-25 18:20:36,319 | 🚗 CAR (0.67) | Plate: DLIC H 8337
2025-08-25 18:20:36,433 | 🚗 CAR (0.67) | Plate: DLIC H 8337
2025-08-25 18:20:36,550 | 🚗 CAR (0.67) | Plate: DLIC H 8337
2025-08-25 18:20:36,667 | 🚗 CAR (0.68) | Plate: DLIC H 8337
2025-08-25 18:20:36,785 | 🚗 CAR (0.65) | Plate: DL C H 8337
2025-08-25 18:20:36,905 | 🚗 CAR (0.64) | Plate: DLIC H 8337
2025-08-25 18:20:37,020 | 🚗 CAR (0.57) | Plate: DLIC H 8337
2025-08-25 18:20:37,135 | 🚗 CAR (0.55) | Plate: DLIC H 8337
2025-08-25 18:20:37,251 | 🚗 CAR (0.58) | Plate: {DLIC H 8337/
2025-08-25 18:20:37,369 | 🚗 CAR (0.55) | Plate: DLIC H 8337
2025-08-25 18:20:37,488 | 🚗 CAR (0.70) | Plate: DLIC H 83371
2025-08-25 18:20:37,681 | 🚗 CAR (0.64) | Plate: 'DLIC H8337
2025-08-25 18:20:38,143 | 🚗 CAR (0.70) | Plate: :46:26
2025-08-25 18:20:38,400 | 🚗 CAR (0.72) | Plate: 46.26
2025-08-25 18:20:38,538 | 🚗 CAR (0.83) | Plate: 40.26
2025-08-25 18:20:38,798 | 🚗 CAR (0.92) | Plate: 19.48R46
2025-08-25 18:20:39,022 | 🚗 CAR (0.95) | Plate: 19.46.27
2025-08-25 18:20:39,258 | 🚗 CAR (0.88) | Plate: 102AD MD
2025-08-25 18:20:39,385 | 🚗 CAR (0.84) | Plate: 1O40 120Y
2025-08-25 18:20:39,501 | 🚗 CAR (0.84) | Plate: IOD=
2025-08-25 18:20:39,607 | 🚗 CAR (0.76) | Plate: MFQAD JOS
2025-08-25 18:20:39,736 | 🚗 CAR (0.79) | Plate: MIPOND WOS
2025-08-25 18:20:39,868 | 🚗 CAR (0.76) | Plate: OAD 
2025-08-25 18:20:40,001 | 🚗 CAR (0.68) | Plate: KRQAD J205
2025-08-25 18:20:40,120 | 🚗 CAR (0.73) | Plate: KRQAD J205
2025-08-25 18:20:40,235 | 🚗 CAR (0.72) | Plate: HROAD 3Z05
2025-08-25 18:20:40,335 | 🚗 CAR (0.68) | Plate: HROAD 3205
2025-08-25 18:20:40,439 | 🚗 CAR (0.56) | Plate: MROIAD 3205
2025-08-25 18:20:40,548 | 🚗 CAR (0.67) | Plate: HROIAD 3205
2025-08-25 18:20:40,662 | 🚗 CAR (0.74) | Plate: HROIAD 3205
2025-08-25 18:20:40,775 | 🚗 CAR (0.83) | Plate: HROIAD 3205
2025-08-25 18:20:40,877 | 🚗 CAR (0.84) | Plate: HROIAD 3205
2025-08-25 18:20:40,984 | 🚗 CAR (0.86) | Plate: HROIAD 3205
2025-08-25 18:20:41,092 | 🚗 CAR (0.85) | Plate: HROIAD 3205
2025-08-25 18:20:41,207 | 🚗 CAR (0.84) | Plate: HROLAD 3205
2025-08-25 18:20:41,320 | 🚗 CAR (0.85) | Plate: HROIAD 3205
2025-08-25 18:20:41,419 | 🚗 CAR (0.83) | Plate: HROLAD 3205
2025-08-25 18:20:41,520 | 🚗 CAR (0.82) | Plate: HROLAD 3205
2025-08-25 18:20:41,622 | 🚗 CAR (0.83) | Plate: HROLAD 3205
2025-08-25 18:20:41,734 | 🚗 CAR (0.84) | Plate: HROLAD 3205
2025-08-25 18:20:41,851 | 🚗 CAR (0.85) | Plate: HROLAD 3205
2025-08-25 18:20:41,990 | 🚗 CAR (0.84) | Plate: HROLAD 3205
2025-08-25 18:20:42,089 | 🚗 CAR (0.86) | Plate: HROUAD 3205
2025-08-25 18:20:42,191 | 🚗 CAR (0.86) | Plate: HROUAD 3205
2025-08-25 18:20:42,293 | 🚗 CAR (0.86) | Plate: HROUAD 3205
2025-08-25 18:20:42,403 | 🚗 CAR (0.86) | Plate: HROIAD 3205
2025-08-25 18:20:42,657 | 🚗 CAR (0.86) | Plate: HROUAD 3205
2025-08-25 18:20:42,922 | 🚗 CAR (0.73) | Plate: HROIAD
2025-08-25 18:20:43,172 | 🚗 CAR (0.83) | Plate: HROLAD 3205
2025-08-25 18:20:43,309 | 🚗 CAR (0.76) | Plate: HROLAD 3205
2025-08-25 18:20:43,419 | 🚗 CAR (0.74) | Plate: HROLAD 3205
2025-08-25 18:20:43,530 | 🚗 CAR (0.74) | Plate: HROLAD 3205
2025-08-25 18:20:43,636 | 🚗 CAR (0.79) | Plate: HROLAD 3205
2025-08-25 18:20:43,740 | 🚗 CAR (0.82) | Plate: HROLAD 3205
2025-08-25 18:20:43,846 | 🚗 CAR (0.81) | Plate: HROLAD 3205
2025-08-25 18:20:43,955 | 🚗 CAR (0.80) | Plate: HROLAD 3205
2025-08-25 18:20:44,062 | 🚗 CAR (0.81) | Plate: HROLAD 3205
2025-08-25 18:20:44,169 | 🚗 CAR (0.82) | Plate: HROLAD 3205
2025-08-25 18:20:44,275 | 🚗 CAR (0.81) | Plate: HROLAD 3205
2025-08-25 18:20:44,386 | 🚗 CAR (0.82) | Plate: HROLAD 3205
2025-08-25 18:20:44,505 | 🚗 CAR (0.79) | Plate: HROLAD 3205
2025-08-25 18:20:44,620 | 🚗 CAR (0.79) | Plate: HROLAD 3205
2025-08-25 18:20:44,719 | 🚗 CAR (0.79) | Plate: HROLAD 3205
2025-08-25 18:20:44,819 | 🚗 CAR (0.84) | Plate: HROLAD 3205
2025-08-25 18:20:44,924 | 🚗 CAR (0.84) | Plate: HROLAD 3205
2025-08-25 18:20:45,032 | 🚗 CAR (0.85) | Plate: HROLAD 3205
2025-08-25 18:20:45,144 | 🚗 CAR (0.84) | Plate: HROLAD 3205
2025-08-25 18:20:45,260 | 🚗 CAR (0.85) | Plate: HROIAD 3205
2025-08-25 18:20:45,360 | 🚗 CAR (0.84) | Plate: HROIAD 3205
2025-08-25 18:20:45,467 | 🚗 CAR (0.83) | Plate: HROIAD 3205
2025-08-25 18:20:45,575 | 🚗 CAR (0.82) | Plate: HROLAD 3205
2025-08-25 18:20:45,712 | 🚗 CAR (0.81) | Plate: HROUAD 3205
2025-08-25 18:20:45,823 | 🚗 CAR (0.83) | Plate: HROIAD 3205
2025-08-25 18:20:45,964 | 🚗 CAR (0.83) | Plate: HROIAD 3205
2025-08-25 18:20:46,081 | 🚗 CAR (0.83) | Plate: HROIAD 3205
2025-08-25 18:20:46,190 | 🚗 CAR (0.83) | Plate: HROIAD 3205
2025-08-25 18:20:46,301 | 🚗 CAR (0.81) | Plate: HROLAD 3205
2025-08-25 18:20:46,414 | 🚗 CAR (0.79) | Plate: HROLAD 3205
2025-08-25 18:20:46,530 | 🚗 CAR (0.81) | Plate: HROIAD 3205
2025-08-25 18:20:46,650 | 🚗 CAR (0.83) | Plate: HROLAD 3205
2025-08-25 18:20:46,758 | 🚗 CAR (0.84) | Plate: HROUAD 3205
2025-08-25 18:20:46,869 | 🚗 CAR (0.85) | Plate: HROIAD 3205
2025-08-25 18:20:46,973 | 🚗 CAR (0.83) | Plate: HROIAD 3205
2025-08-25 18:20:47,074 | 🚗 CAR (0.85) | Plate: HROAD 3205
2025-08-25 18:20:47,177 | 🚗 CAR (0.86) | Plate: HROAD 3205
2025-08-25 18:20:47,283 | 🚗 CAR (0.85) | Plate: HROUAD 3205
2025-08-25 18:20:47,393 | 🚗 CAR (0.84) | Plate: HROLAD 3205
2025-08-25 18:20:47,506 | 🚗 CAR (0.84) | Plate: HROIAD 3205
2025-08-25 18:20:47,609 | 🚗 CAR (0.86) | Plate: HROIAD 3205
2025-08-25 18:20:47,714 | 🚗 CAR (0.88) | Plate: HROIAD 3205
2025-08-25 18:20:47,821 | 🚗 CAR (0.86) | Plate: HRQIAD 3205
2025-08-25 18:20:47,935 | 🚗 CAR (0.80) | Plate: HROIAD 3205
2025-08-25 18:20:48,052 | 🚗 CAR (0.84) | Plate: HRDIAD 3205
2025-08-25 18:20:48,167 | 🚗 CAR (0.78) | Plate: HROIAD 3205
2025-08-25 18:20:48,286 | 🚗 CAR (0.87) | Plate: HROIAD 3205
2025-08-25 18:20:49,262 | 🚗 CAR (0.92) | Plate: NUC4Y
2025-08-25 18:20:49,373 | 🚗 CAR (0.89) | Plate: 18210 [
2025-08-25 18:20:49,478 | 🚗 CAR (0.85) | Plate: 62G06I
2025-08-25 18:20:49,692 | 🚗 CAR (0.89) | Plate: 02G 0264
2025-08-25 18:20:49,806 | 🚗 CAR (0.85) | Plate: FE2J 0 0261
2025-08-25 18:20:49,907 | 🚗 CAR (0.84) | Plate: PR 2J 6 0261
2025-08-25 18:20:50,011 | 🚗 CAR (0.76) | Plate: PB 2 6 0261
2025-08-25 18:20:50,118 | 🚗 CAR (0.75) | Plate: P02} 6 0261
2025-08-25 18:20:50,228 | 🚗 CAR (0.71) | Plate: PB 2 6 0261
2025-08-25 18:20:50,341 | 🚗 CAR (0.66) | Plate: P0 2 6 0261
2025-08-25 18:20:50,444 | 🚗 CAR (0.73) | Plate: PB26 0261
2025-08-25 18:20:50,549 | 🚗 CAR (0.72) | Plate: PP46 0261
2025-08-25 18:20:50,658 | 🚗 CAR (0.74) | Plate: PB 2 6 0261
2025-08-25 18:20:50,774 | 🚗 CAR (0.71) | Plate: PB 2 6 0261
2025-08-25 18:20:50,889 | 🚗 CAR (0.75) | Plate: PB 2 6 0261
2025-08-25 18:20:50,994 | 🚗 CAR (0.77) | Plate: PB 2 6 0261
2025-08-25 18:20:51,104 | 🚗 CAR (0.80) | Plate: PB 2 6 0261
2025-08-25 18:20:51,211 | 🚗 CAR (0.81) | Plate: PB 2 6 0261
2025-08-25 18:20:51,325 | 🚗 CAR (0.78) | Plate: PB 2 G 0261
2025-08-25 18:20:51,440 | 🚗 CAR (0.78) | Plate: PB 2 G 0261
2025-08-25 18:20:51,555 | 🚗 CAR (0.83) | Plate: PB 2 6 0261
2025-08-25 18:20:51,675 | 🚗 CAR (0.81) | Plate: PB 2 6 0261
2025-08-25 18:20:51,789 | 🚗 CAR (0.80) | Plate: PB 2 6 0261
2025-08-25 18:20:51,891 | 🚗 CAR (0.81) | Plate: PB 2 6 0261
2025-08-25 18:20:51,995 | 🚗 CAR (0.83) | Plate: PB 2 6 0261
2025-08-25 18:20:52,103 | 🚗 CAR (0.82) | Plate: PB 2 6 0261
2025-08-25 18:20:52,217 | 🚗 CAR (0.83) | Plate: PB 2 6 0261
2025-08-25 18:20:52,338 | 🚗 CAR (0.82) | Plate: PB 2 6 0261
2025-08-25 18:20:52,454 | 🚗 CAR (0.81) | Plate: PB 2 6 0261
2025-08-25 18:20:52,568 | 🚗 CAR (0.82) | Plate: PB 2 6 0261
2025-08-25 18:20:52,684 | 🚗 CAR (0.76) | Plate: PB 2 6 0261
2025-08-25 18:20:52,802 | 🚗 CAR (0.82) | Plate: PB 2} G 0261
2025-08-25 18:20:52,927 | 🚗 CAR (0.82) | Plate: PB 2 G 0261
2025-08-25 18:20:53,041 | 🚗 CAR (0.82) | Plate: PB 2 6 0261
2025-08-25 18:20:53,142 | 🚗 CAR (0.82) | Plate: PB 2 G 0261
2025-08-25 18:20:53,243 | 🚗 CAR (0.82) | Plate: PB 2J G 0261
2025-08-25 18:20:53,350 | 🚗 CAR (0.81) | Plate: PB 2 G 0261
2025-08-25 18:20:53,462 | 🚗 CAR (0.78) | Plate: PB 2 G 0261
2025-08-25 18:20:53,575 | 🚗 CAR (0.78) | Plate: PB 2 G 0261
2025-08-25 18:20:53,675 | 🚗 CAR (0.71) | Plate: PB 2 G 0261
2025-08-25 18:20:53,776 | 🚗 CAR (0.69) | Plate: PB 23 G 0261
2025-08-25 18:20:53,884 | 🚗 CAR (0.69) | Plate: PB 23 G 0261
2025-08-25 18:20:53,996 | 🚗 CAR (0.76) | Plate: PB 23 G 0261
2025-08-25 18:20:54,114 | 🚗 CAR (0.78) | Plate: PB 23 G 0261
2025-08-25 18:20:54,235 | 🚗 CAR (0.78) | Plate: PB 23 G 0261
2025-08-25 18:20:54,356 | 🚗 CAR (0.78) | Plate: PB 23 G 0261
2025-08-25 18:20:54,472 | 🚗 CAR (0.77) | Plate: PB 23 G 0261
2025-08-25 18:20:54,574 | 🚗 CAR (0.78) | Plate: PB 23 G 0261
2025-08-25 18:20:54,677 | 🚗 CAR (0.76) | Plate: PB 23 G 0261
2025-08-25 18:20:54,786 | 🚗 CAR (0.71) | Plate: PB 23 G 0261
2025-08-25 18:20:54,896 | 🚗 CAR (0.78) | Plate: PB 23 G 0261
2025-08-25 18:20:55,013 | 🚗 CAR (0.76) | Plate: PB 23 G 0261
2025-08-25 18:20:55,131 | 🚗 CAR (0.77) | Plate: PB 2 G 0261
2025-08-25 18:20:55,249 | 🚗 CAR (0.77) | Plate: PB 2 6 0261
2025-08-25 18:20:55,367 | 🚗 CAR (0.72) | Plate: PB 23 6 0261
2025-08-25 18:20:55,484 | 🚗 CAR (0.72) | Plate: PB 23 G 0261
2025-08-25 18:20:55,596 | 🚗 CAR (0.72) | Plate: PB 23 G 0261
2025-08-25 18:20:55,727 | 🚗 CAR (0.78) | Plate: PB 23 G 0261
2025-08-25 18:20:55,856 | 🚗 CAR (0.77) | Plate: PB 2 G 0261
2025-08-25 18:20:55,967 | 🚗 CAR (0.80) | Plate: PB 23 G 0261
2025-08-25 18:20:56,082 | 🚗 CAR (0.80) | Plate: PB 23 G 0261
2025-08-25 18:20:56,189 | 🚗 CAR (0.78) | Plate: PB 23 G 0261
2025-08-25 18:20:56,302 | 🚗 CAR (0.78) | Plate: PB 23 G 0261
2025-08-25 18:20:56,417 | 🚗 CAR (0.75) | Plate: PB 23 G 0261
2025-08-25 18:20:56,533 | 🚗 CAR (0.75) | Plate: PB 23 G 0261
2025-08-25 18:20:56,653 | 🚗 CAR (0.77) | Plate: PB 23 G 0261
2025-08-25 18:20:56,772 | 🚗 CAR (0.77) | Plate: PB 23 G 0261
2025-08-25 18:20:56,888 | 🚗 CAR (0.77) | Plate: PB 23 G 0261
2025-08-25 18:20:57,005 | 🚗 CAR (0.77) | Plate: PB 23 G 0261
2025-08-25 18:20:57,122 | 🚗 CAR (0.81) | Plate: PB 23 G 0261
2025-08-25 18:20:57,238 | 🚗 CAR (0.81) | Plate: PB 23 G 0261
2025-08-25 18:20:57,356 | 🚗 CAR (0.76) | Plate: PB 23 6 0261
2025-08-25 18:20:57,472 | 🚗 CAR (0.81) | Plate: PB 23 G 0261
2025-08-25 18:20:57,586 | 🚗 CAR (0.81) | Plate: PB 23 6 0261
2025-08-25 18:20:57,701 | 🚗 CAR (0.80) | Plate: PB 23 6 0261
2025-08-25 18:20:57,820 | 🚗 CAR (0.79) | Plate: PB 23 6 0261
2025-08-25 18:20:57,949 | 🚗 CAR (0.79) | Plate: PB 23 G 0261
2025-08-25 18:20:58,058 | 🚗 CAR (0.80) | Plate: PB 23 6 0261
2025-08-25 18:20:58,185 | 🚗 CAR (0.81) | Plate: PB 23 6 0261
2025-08-25 18:20:58,300 | 🚗 CAR (0.77) | Plate: PB 2} 6 0261
2025-08-25 18:20:58,415 | 🚗 CAR (0.77) | Plate: P8 2 6 0261
2025-08-25 18:20:58,531 | 🚗 CAR (0.80) | Plate: PB 2} G 0261
2025-08-25 18:20:58,647 | 🚗 CAR (0.78) | Plate: PB2 G 0261
2025-08-25 18:20:58,760 | 🚗 CAR (0.79) | Plate: PB 2 6 0261
2025-08-25 18:20:58,872 | 🚗 CAR (0.79) | Plate: PB 2 6 0261
2025-08-25 18:20:58,999 | 🚗 CAR (0.80) | Plate: PB2 6 0261
2025-08-25 18:20:59,119 | 🚗 CAR (0.80) | Plate: PB 2 6 0261
2025-08-25 18:20:59,240 | 🚗 CAR (0.78) | Plate: PB 2 6 0261
2025-08-25 18:20:59,359 | 🚗 CAR (0.79) | Plate: PB 2 6 0261
2025-08-25 18:20:59,477 | 🚗 CAR (0.78) | Plate: PB 2 6 0261
2025-08-25 18:20:59,594 | 🚗 CAR (0.78) | Plate: PB 2 G 0261
2025-08-25 18:20:59,755 | 🚗 CAR (0.82) | Plate: PB 2 6 0261
2025-08-25 18:20:59,873 | 🚗 CAR (0.77) | Plate: PB 2 6 0261
2025-08-25 18:21:00,007 | 🚗 CAR (0.72) | Plate: PB 2 G 0261
2025-08-25 18:21:00,124 | 🚗 CAR (0.76) | Plate: PB 2 G 0261
2025-08-25 18:21:00,237 | 🚗 CAR (0.74) | Plate: PB 2 6 0261
2025-08-25 18:21:00,366 | 🚗 CAR (0.72) | Plate: PB 2 G 0261
2025-08-25 18:21:00,489 | 🚗 CAR (0.75) | Plate: PB 2 G 0261
2025-08-25 18:21:00,602 | 🚗 CAR (0.79) | Plate: PB 2 G 0261
2025-08-25 18:21:00,725 | 🚗 CAR (0.78) | Plate: PB 2 6 0261
2025-08-25 18:21:00,842 | 🚗 CAR (0.79) | Plate: PB 2 6 0261
2025-08-25 18:21:00,953 | 🚗 CAR (0.75) | Plate: PB 2 G 0261
2025-08-25 18:21:01,093 | 🚗 CAR (0.82) | Plate: PB 2 6 0261
2025-08-25 18:21:01,210 | 🚗 CAR (0.83) | Plate: PB 23 G 0261
2025-08-25 18:21:01,321 | 🚗 CAR (0.85) | Plate: PB 2} G 0261
